COUNTRY;YEAR;CODE;NDN;NDC;NDC per 1000 borns;NDN per 1000 borns;HE;PPV;RVC ;GNI;PBSF ;PB ;BR;PISF ;DD;PMS ;PFS ;HIV;LE ;TP;PPHIV 
United States of America;2000;USA2000;134;1037;0,227545215011577;0,029403142537658;4818;90;Yes;36070;100;4557336;14;100;31;28;23;1600;67,2;325524000;0,00049151521854
United States of America;2012;USA2012;76;709;0,172859270805966;0,01852934355607;8845;92;Yes;52540;100;4101602,4;12,6;100;34;21;16;1600;69,1;325524000;0,00049151521854
United States of America;2013;USA2013;68;769;0,190511695089327;0,016846287732216;9146;92;Yes;53660;100;4036497,6;12,4;100;35;21;15;1600;69,1;325524000;0,00049151521854
Congo;2013;COG2013;235;1137;0,377793579170515;0,078083985140784;131;85;Yes;2330;14,8;3009580;37;15;31;37;2;200000;56,6;81340000;0,24588148512417
Congo;2012;COG2012;239;1383;0,459532559360442;0,079413074249563;125;10;Yes;2060;14,6;3009580;37;15;14;32;2;200000;56,6;81340000;0,24588148512417
Japan;2000;JPN2000;26;362;0,317608217103641;0,022811639902472;2865;80;Yes;36230;100;1139769;9;100;348;51;14;20000;72,7;126641000;0,015792673778634
Japan;2012;JPN2012;26;219;0,210889973019565;0,025037165746615;4787;90;Yes;49480;100;1038456,2;8,2;100;350;36;11;20000;74,9;126641000;0,015792673778634
Japan;2013;JPN2013;16;209;0,201260293886252;0,015407486613302;3966;95;Yes;48280;100;1038456,2;8,2;100;350;35;11;20000;74,9;126641000;0,015792673778634
France;2000;FRA2000;7;60;0,06873962461291;0,008019622871506;2209;85;Yes;25150;98,7;872859;13;99;111;38;28;6200;69,7;67143000;0,009234022906334
France;2012;FRA2012;6;36;0,042553100950849;0,007092183491808;4644;89;Yes;43020;98,7;846001,8;12,6;99;120;31;26;6000;72,6;67143000;0,008936151199678
United Kingdom of Great Britain and Northern Ireland;2012;GBR2012;31;140;0,165687061639374;0,036687849363004;3595;92;Yes;41200;99,2;844966,4;12,8;99;263;22;20;10000;71,4;66013000;0,015148531349886
France;2013;FRA2013;3;39;0,04684272806283;0,003603286774064;4864;89;Yes;43380;98,7;832573,2;12,4;99;121;31;26;6000;72,6;67143000;0,008936151199678
United Kingdom of Great Britain and Northern Ireland;2013;GBR2013;23;124;0,155241147717836;0,028794729012179;3598;93;Yes;42340;99,2;798757,3;12,1;99;265;21;19;10000;71,4;66013000;0,015148531349886
United Kingdom of Great Britain and Northern Ireland;2000;GBR2000;33;187;0,236064613535718;0,041658461212186;1761;85;Yes;28880;99,2;792156;12;99;243;31;29;10000;68,6;66013000;0,015148531349886
Germany;2000;DEU2000;6;70;0,094183623082522;0,008072881978502;2387;80;Yes;26210;99,2;743229;9;99;236;38;30;2400;68,7;82581000;0,002906237512261
Germany;2012;DEU2012;7;46;0,066312959109123;0,010091102473127;4717;86;Yes;46710;99,2;693680,4;8,4;99;231;34;29;2400;71,3;82581000;0,002906237512261
Germany;2013;DEU2013;8;54;0,078783547019115;0,011671636595425;5006;86;Yes;47410;99,2;685422,3;8,3;99;231;33;29;2400;71,3;82581000;0,002906237512261
Republic of Korea;2000;KOR2000;38;237;0,354415311937814;0,05682608377062;504;85;Yes;24640;100;668707;13;100;487;62;6;20000;68,1;51439000;0,038881004685161
Italy;2000;ITA2000;11;55;0,090804028396896;0,018160805679379;1527;80;Yes;21820;99,5;605700;10;99;194;33;20;8200;70;60570000;0,01353805514281
Italy;2012;ITA2012;1;26;0,047695045218572;0,001834424816099;3114;82;Yes;36000;99,5;545130;9;99;202;29;20;3600;72,8;60570000;0,00594353640416
Malaysia;2012;MYS2012;39;225;0,418520557729796;0,072543563339831;418;70;No;10150;95,9;537608;17;99;89;45;2;5700;66,5;31624000;0,018024285352897
Malaysia;2013;MYS2013;37;224;0,416660466362108;0,068823380604455;423;90;No;10760;96;537608;17;99;90;44;2;5700;66,5;31624000;0,018024285352897
Italy;2013;ITA2013;5;21;0,04078897532267;0,009711660791112;3155;87;Yes;35370;99,5;514845;8,5;99;205;29;20;3600;72,8;60570000;0,00594353640416
Republic of Korea;2012;KOR2012;1;36;0,072901883784677;0,002025052327352;1724;93;Yes;24640;100;493814,4;9,6;100;516;52;4;20000;73,2;51439000;0,038881004685161
Spain;2000;ESP2000;6;50;0,107619457597934;0,012914334911752;1045;90;Yes;15790;99,9;464600;10;100;81;45;32;4200;69,2;46460000;0,009040034438226
Spain;2012;ESP2012;7;28;0,062130820881281;0,01553270522032;2626;90;Yes;29760;99,9;450662;9,7;100;94;34;28;3900;72,4;46460000;0,008394317692639
Republic of Korea;2013;KOR2013;2;34;0,076857799959039;0,004521047056414;1880;95;Yes;25870;100;442375,4;8,6;100;517;51;4;20000;73,2;51439000;0,038881004685161
Spain;2013;ESP2013;5;23;0,054401044500054;0,011826314021751;2581;99;Yes;29400;99,9;422786;9,1;100;93;33;27;3900;72,4;46460000;0,008394317692639
Cada;2012;CAN2012;4;36;0,089387028452388;0,009931892050265;5763;73;Yes;50900;99,8;402743;11;99;4;20;14;300;72,3;36613000;0,000819381094147
Cada;2000;CAN2000;7;48;0,119182704603184;0,017380811087964;2100;70;Yes;22610;99,8;402743;11;99;3;29;27;300;69,8;36613000;0,000819381094147
Cada;2013;CAN2013;4;36;0,090207092933602;0,010023010325956;5718;79;Yes;52620;99,8;399081,7;10,9;99;4;20;13;300;72,3;36613000;0,000819381094147
Poland;2012;POL2012;13;84;0,219395158889108;0,033954012685219;859;90;No;13300;95,7;382870,8;10,1;96;124;35;26;20000;68,7;37908000;0,052759312018571
Poland;2000;POL2000;31;182;0,480109739368999;0,081776933628786;247;90;No;4660;95,7;379080;10;87;125;47;38;20000;65,3;37908000;0,052759312018571
Poland;2013;POL2013;17;115;0,31274849907916;0,046232386820398;895;95;No;13520;96,5;367707,6;9,7;96;124;34;25;20000;68,7;37908000;0,052759312018571
Australia;2012;AUS2012;2;38;0,113463250746021;0,005971750039264;6393;91;Yes;59840;100;334910,2;13,7;100;3;18;15;1100;71,9;24446000;0,004499713654586
Australia;2013;AUS2013;1;40;0,123027030884091;0,003075675772102;6110;91;Yes;65640;100;325131,8;13,3;100;3;18;14;1000;71,9;24446000;0,004090648776896
Australia;2000;AUS2000;5;39;0,12271946330688;0,015733264526523;1714;90;Yes;21130;100;317798;13;100;2;27;23;1000;69,3;24446000;0,004090648776896
Chile;2012;CHL2012;11;57;0,225501444000475;0,043517822526407;1106;79;Yes;14410;98,8;252770;14;99;23;42;37;5000;70,5;18055000;0,027693159789532
Chile;2013;CHL2013;19;75;0,319536459109984;0,080949236307863;1204;82;Yes;15360;99;234715;13;99;23;42;37;5000;70,5;18055000;0,027693159789532
Netherlands;2000;NLD2000;6;28;0,126155107704923;0,027033237365341;1932;96;Yes;28460;97,8;221949;13;98;472;37;31;1100;69,2;17073000;0,006442921572073
Israel;2000;ISR2000;5;14;0,073296894305878;0,026177462252099;1490;90;Yes;19270;100;191004;22;100;291;44;23;7000;69,7;8682000;0,080626583736466
Israel;2012;ISR2012;1;17;0,090651582243381;0,005332446014317;2393;93;Yes;32180;100;187531,2;21,6;100;366;42;20;7000;72,8;8682000;0,080626583736466
Israel;2013;ISR2013;2;11;0,059483059765334;0,010815101775515;2599;94;Yes;34310;100;184926,6;21,3;100;372;42;20;7000;72,8;8682000;0,080626583736466
Netherlands;2012;NLD2012;3;19;0,105987454432367;0,016734861226163;5836;96;Yes;52500;97,8;179266,5;10,5;98;497;28;25;500;72,2;17073000;0,002928600714579
Netherlands;2013;NLD2013;0;11;0,06316589776542;0;6145;96;Yes;52330;97,8;174144,6;10,2;98;499;27;25;500;72,2;17073000;0,002928600714579
United Arab Emirates;2000;ARE2000;2;31;0,206117021276596;0,013297872340426;753;90;Yes;40390;97,5;150400;16;100;38;18,1;2,5;4000;65,4;9400000;0,042553191489362
Belgium;2012;BEL2012;2;3;0,022851223302154;0,015234148868103;4742;93;Yes;47190;99,5;131284;11,5;99;368;28;21;300;71,1;11416000;0,002627890679748
Belgium;2013;BEL2013;0;26;0,203348683551907;0;5093;93;Yes;47330;99,5;127859,2;11,2;99;369;28;21;300;71,1;11416000;0,002627890679748
Belgium;2000;BEL2000;2;8;0,063706440721157;0,015926610180289;1845;92;Yes;26040;99,5;125576;11;99;339;36;24;300;68;11416000;0,002627890679748
Portugal;2000;PRT2000;1;26;0,210642296973232;0,008101626806663;1064;80;No;12140;99,5;123432;12;97;112;36;16;210;67,6;10286000;0,002041609955279
Sweden;2012;SWE2012;3;10;0,084278019702515;0,025283405910755;5293;98;Yes;58240;99,3;118654,9;11,9;99;23;22;23;1000;72;9971000;0,010029084344599
Belarus;2013;BLR2013;6;32;0,270042194092827;0,050632911392405;463;5;No;7010;94,4;118500;12,5;94;47;48;11;1800;65,2;9480000;0,018987341772152
Sweden;2013;SWE2013;1;12;0,101990688250163;0,008499224020847;5680;98;Yes;60920;99,3;117657,8;11,8;99;24;21;22;1000;72;9971000;0,010029084344599
Belarus;2012;BLR2012;6;36;0,311267897904129;0,051877982984022;339;5;No;6620;94,4;115656;12,2;94;47;49;11;1800;65,2;9480000;0,018987341772152
Czech Republic;2012;CZE2012;1;18;0,165317644076623;0,009184313559812;1411;60;Yes;19350;99,1;108881,3;10,3;99;136;38;29;500;69,5;10571000;0,004729921483303
Czech Republic;2013;CZE2013;4;29;0,268956319638819;0,037097423398458;1367;70;Yes;19270;99,1;107824,2;10,2;99;136;37;29;500;69,5;10571000;0,004729921483303
Greece;2000;GRC2000;3;26;0,242401640872646;0,02796942010069;918;32;Yes;13330;99;107260;10;97;84;63;42;1000;69,5;10726000;0,009323140033563
United Arab Emirates;2012;ARE2012;3;34;0,328820116054159;0,029013539651838;1235;96;Yes;40390;97,5;103400;11;100;106;18,1;2,5;4000;68,3;9400000;0,042553191489362
United Arab Emirates;2013;ARE2013;3;34;0,328820116054159;0,029013539651838;1569;99;Yes;44200;97,5;103400;11;100;108;18,1;2,5;4000;68,3;9400000;0,042553191489362
Sweden;2000;SWE2000;2;7;0,070203590412195;0,020058168689199;2282;92;Yes;31220;99,3;99710;10;99;22;33;35;500;69,7;9971000;0,0050145421723
Greece;2012;GRC2012;0;21;0,215149385389922;0;2070;32;Yes;23500;99;97606,6;9,1;98;86;54;34;1000;71,9;10726000;0,009323140033563
Kuwait;2000;KWT2000;4;34;0,357326775336045;0,042038444157182;494;90;Yes;17930;100;95151;23;100;115;35;11;100;64;4137000;0,002417210539038
Czech Republic;2000;CZE2000;3;23;0,24175154247995;0,031532809888689;361;50;Yes;6310;99,1;95139;9;99;133;41;30;100;65,8;10571000;0,000945984296661
Switzerland;2000;CHE2000;2;6;0,064619659454395;0,021539886484798;3541;60;Yes;43460;99,9;92851;11;100;182;35;26;4000;69,9;8441000;0,047387750266556
Greece;2013;GRC2013;1;25;0,271021512603584;0,010840860504143;2146;32;Yes;22540;99;92243,6;8,6;98;85;54;34;1000;71,9;10726000;0,009323140033563
Lebanon;2013;LBN2013;11;43;0,475456808950618;0,121628486010623;631;80;No;8450;80,7;90439,34;14,87;92;516;44;29;200;65,7;6082000;0,003288391976324
Hungary;2012;HUN2012;6;30;0,33691398024561;0,067382796049122;999;90;Yes;12910;98;89043,5;9,1;98;110;35;27;1000;67,4;9785000;0,01021972406745
Hungary;2013;HUN2013;5;26;0,295236473059672;0,056776244819168;1056;92;Yes;13430;98;88065;9;98;109;34;26;1000;67,4;9785000;0,01021972406745
Austria;2000;AUT2000;3;8;0,091220068415051;0,034207525655644;2406;85;Yes;26790;100;87700;10;100;97;46;41;240;69;8770000;0,002736602052452
Portugal;2012;PRT2012;0;2;0,022875181571754;0;2000;80;No;21150;99,5;87431;8,5;99;115;32;14;210;71,4;10286000;0,002041609955279
Switzerland;2012;CHE2012;1;3;0,034505643397978;0,011501881132659;9071;65;Yes;84500;99,9;86942,3;10,3;100;192;28;21;4000;73,1;8441000;0,047387750266556
Kuwait;2012;KWT2012;3;37;0,425889475925734;0,034531579129114;1446;99;Yes;49950;100;86877;21;100;191;35;11;100;65,7;4137000;0,002417210539038
Kuwait;2013;KWT2013;1;43;0,494952634183961;0,011510526376371;1507;99;Yes;51990;100;86877;21;100;202;35;11;100;65,7;4137000;0,002417210539038
Switzerland;2013;CHE2013;1;4;0,046458578692702;0,011614644673176;9276;75;Yes;88460;99,9;86098,2;10,2;100;205;28;21;4000;73,1;8441000;0,047387750266556
Lebanon;2012;LBN2012;11;42;0,493258796448537;0,129186827641283;663;50;No;8530;80,7;85148;14;91;481;43;29;200;65,7;6082000;0,003288391976324
Austria;2013;AUT2013;0;3;0,036390984740047;0;5427;91;Yes;50750;100;82438;9,4;100;103;37;36;240;72;8770000;0,002736602052452
Austria;2012;AUT2012;0;7;0,084912297726777;0;5206;90;Yes;50060;100;82438;9,4;100;102;37;36;240;72;8770000;0,002736602052452
Portugal;2013;PRT2013;0;3;0,036918805701248;0;2037;90;No;21340;99,6;81259,4;7,9;99;114;32;14;210;71,4;10286000;0,002041609955279
Singapore;2000;SGP2000;1;17;0,213482017279486;0,012557765722323;662;45;Yes;23670;100;79632;14;100;6012;27;6;1000;70;5688000;0,017580872011252
Ireland;2012;IRL2012;0;2;0,02645660125272;0;4079;91;Yes;41720;90,3;75595,5;15,7;91;67;24;24;500;71,5;4815000;0,010384215991693
Denmark;2000;DNK2000;1;5;0,066878001150302;0,01337560023006;2613;80;Yes;32660;99,6;74763;13;100;126;42;35;1000;67,9;5751000;0,017388280299078
Costa Rica;2012;CRI2012;18;31;0,421252887620601;0,244598450876478;952;89;Yes;9210;94,3;73590;15;97;91;20;9;1000;69,8;4906000;0,020383204239707
Costa Rica;2013;CRI2013;10;36;0,489196901752956;0,13588802826471;1005;94;Yes;9810;94,5;73590;15;97;92;20;9;1000;69,8;4906000;0,020383204239707
Ireland;2013;IRL2013;1;7;0,096919349255798;0,013845621322257;4233;91;Yes;44240;90,4;72225;15;92;67;24;24;500;71,5;4815000;0,010384215991693
New Zealand;2000;NZL2000;3;23;0,323761261261261;0,04222972972973;1056;89;Yes;14080;95,3;71040;15;100;15;18,6;17,8;2000;69,1;4736000;0,04222972972973
Norway;2000;NOR2000;3;9;0,13089576334046;0,043631921113487;3165;90;Yes;36560;98,1;68757;13;98;12;43;41;2000;69,3;5289000;0,037814331631688
Ireland;2000;IRL2000;1;11;0,163180537012313;0,014834594273847;1593;91;Yes;24100;90,3;67410;14;89;55;33;31;500;67,4;4815000;0,010384215991693
New Zealand;2012;NZL2012;6;32;0,487149009138915;0,091340439213547;3954;93;Yes;36720;98,3;65688,32;13,87;100;17;18,6;17,8;2000;71,6;4736000;0,04222972972973
Serbia;2012;SRB2012;6;31;0,474090930640497;0,091759534962677;556;80;No;5700;96,5;65388,3;9,3;95;82;46;40;500;67,7;7031000;0,007111363959607
Serbia;2013;SRB2013;11;28;0,432865632323932;0,17005435555583;475;90;No;6050;96,5;64685,2;9,2;95;82;45;40;500;67,7;7031000;0,007111363959607
Norway;2012;NOR2012;1;6;0,094535829079221;0,015755971513204;9312;93;Yes;99100;98,1;63468;12;98;14;26;25;2000;72;5289000;0,037814331631688
New Zealand;2013;NZL2013;7;16;0,255937755937756;0,111972768222768;4063;93;Yes;39850;98,4;62515,2;13,2;100;17;18,6;17,8;2000;71,6;4736000;0,04222972972973
Norway;2013;NOR2013;0;1;0,016299280875728;0;9715;93;Yes;104190;98,1;61352,4;11,6;98;14;25;24;2000;72;5289000;0,037814331631688
Finland;2012;FIN2012;1;4;0,065995710278832;0,016498927569708;4158;92;Yes;48670;97,6;60610;11;99;18;25;20;700;71;5510000;0,012704174228675
Finland;2000;FIN2000;0;5;0,08249463784854;0;1700;90;Yes;26420;97,6;60610;11;99;17;34;26;700;67,9;5510000;0,012704174228675
Denmark;2012;DNK2012;0;1;0,016719500287575;0;6204;90;Yes;61650;99,6;59810,4;10,4;100;133;21;19;1000;71,2;5751000;0,017388280299078
Finland;2013;FIN2013;1;3;0,050884542971997;0,016961514323999;4449;92;Yes;49220;97,6;58957;10,7;99;18;24;20;700;71;5510000;0,012704174228675
Denmark;2013;DNK2013;0;1;0,017388280299078;0;6270;93;Yes;63200;99,6;57510;10;100;134;20;17;1000;71,2;5751000;0,017388280299078
Singapore;2012;SGP2012;2;23;0,400356491345337;0,034813607943073;2287;52;Yes;51110;100;57448,8;10,1;100;7525;28;5;1000;73,9;5688000;0,017580872011252
Singapore;2013;SGP2013;0;14;0,264658288341424;0;2507;60;Yes;54700;100;52898,4;9,3;100;7637;28;5;1000;73,9;5688000;0,017580872011252
Qatar;2000;QAT2000;0;8;0,159550068805967;0;652;89;Yes;75850;98;50141;19;100;51;19,4;1,4;100;65,5;2639000;0,003789314134142
Uruguay;2013;URY2013;1;21;0,433902227364767;0,020662010826894;1431;93;Yes;15580;96,1;48398;14;95;19;29;21;1000;67,9;3457000;0,028926815157651
Croatia;2012;HRV2012;3;4;0,098234239544193;0,073675679658145;950;90;No;13460;97,1;40719;9,8;97;76;39;32;100;69,4;4155000;0,002406738868833
Croatia;2013;HRV2013;4;11;0,281639654863405;0,102414419950329;982;99;No;13470;97,1;39057;9,4;97;76;39;33;100;69,4;4155000;0,002406738868833
Bahrain;2000;BHR2000;0;3;0,091335322413688;0;476;95;Yes;10940;99,2;32846;22;100;936;18;5;100;64,9;1493000;0,00669792364367
Qatar;2012;QAT2012;1;8;0,252620942276115;0,031577617784514;2029;92;Yes;75850;98;31668;12;100;182;19,4;1,4;100;67,8;2639000;0,003789314134142
Bosnia and Herzegovi;2012;BIH2012;7;14;0,443557329784875;0,221778664892437;446;5;No;4830;94,8;31563;9;95;71;49;31;1000;68,6;3507000;0,028514399771885
Bosnia and Herzegovi;2013;BIH2013;6;13;0,411874663371669;0,190095998479232;449;5;No;5180;94,8;31563;9;95;70;48;31;1000;68,6;3507000;0,028514399771885
Qatar;2013;QAT2013;1;8;0,253890394247351;0,031736299280919;2043;99;Yes;81810;98;31509,66;11,94;100;194;19,4;1,4;100;67,8;2639000;0,003789314134142
Lithuania;2013;LTU2013;0;7;0,242671325956125;0;966;40;Yes;15230;91,6;28845,6;10,1;92;230;40;22;500;66,1;2856000;0,01750700280112
Bahrain;2013;BHR2013;1;6;0,267204400678343;0,044534066779724;1067;99;Yes;21710;99,2;22454,72;15,04;100;1708;44;8;100;67;1493000;0,00669792364367
Bahrain;2012;BHR2012;0;0;0;0;920;99;Yes;19910;99,2;22395;15;100;1689;40;7;100;67;1493000;0,00669792364367
Slovenia;2012;SVN2012;1;4;0,180944712343144;0,045236178085786;2069;48;Yes;23280;99,1;22106,2;10,7;99;102;24;19;100;71,1;2066000;0,004840271055179
Slovenia;2013;SVN2013;1;1;0,047453637795873;0,047453637795873;2085;49;Yes;23070;99,1;21073,2;10,2;99;102;23;18;100;71,1;2066000;0,004840271055179
Latvia;2013;LVA2013;6;9;0,452488687782805;0,301659125188537;874;83;Yes;14900;86,9;19890;10,2;92;32;51;24;500;67,1;1950000;0,025641025641026
Latvia;2012;LVA2012;3;7;0,366300366300366;0,156985871271586;820;55;Yes;13790;86,5;19110;9,8;91;33;51;24;500;67,1;1950000;0,025641025641026
Slovenia;2000;SVN2000;0;0;0;0;831;40;Yes;11350;99,1;18594;9;99;99;30;23;100;66,8;2066000;0,004840271055179
Cyprus;2000;CYP2000;0;2;0,130378096479791;0;753;50;Yes;14860;100;15340;13;100;102;48;20;1000;69;1180000;0,084745762711864
Cyprus;2012;CYP2012;0;1;0,070621468926554;0;1955;60;Yes;28920;100;14160;12;100;123;48;20;1000;71,3;1180000;0,084745762711864
Estonia;2012;EST2012;1;3;0,215551308396442;0,071850436132147;994;80;No;16900;97,2;13917,8;10,6;100;31;44;25;200;69;1313000;0,015232292460015
Estonia;2013;EST2013;2;3;0,221829501844882;0,147886334563255;1072;85;No;18240;97,2;13523,9;10,3;100;31;43;25;200;69;1313000;0,015232292460015
Cyprus;2013;CYP2013;0;1;0,077041602465331;0;1884;70;Yes;27010;100;12980;11;100;124;48;20;1000;71,3;1180000;0,084745762711864
Brunei Darussalam;2000;BRN2000;1;4;0,444000444000444;0,111000111000111;543;80;No;14680;95;9009;21;96;63;30;5;21000;67,6;429000;4,8951048951049
Luxembourg;2000;LUX2000;0;0;0;0;3500;90;Yes;46590;97,6;7670;13;98;168;34;26;100;68,5;590000;0,016949152542373
Montenegro;2012;MNE2012;1;2;0,267522739432852;0,133761369716426;472;75;No;7000;94,6;7476;12;95;46;34,6;20,2;100;67,9;623000;0,016051364365971
Montenegro;2013;MNE2013;1;1;0,133761369716426;0,133761369716426;461;90;No;7330;95,1;7476;12;95;46;34,6;20,2;100;67,9;623000;0,016051364365971
Brunei Darussalam;2013;BRN2013;1;3;0,437062937062937;0,145687645687646;974;90;No;45180;95;6864;16;96;77;29;3;21000;70,3;429000;4,8951048951049
Luxembourg;2012;LUX2012;0;0;0;0;7551;95;Yes;75450;97,6;6667;11,3;98;205;27;22;200;71,8;590000;0,033898305084746
Luxembourg;2013;LUX2013;0;0;0;0;7981;95;Yes;75500;97,6;6667;11,3;98;210;27;21;200;71,8;590000;0,033898305084746
Iceland;2000;ISL2000;0;0;0;0;2961;80;Yes;31560;98,8;5055;15;99;3;34;27;50;70,3;337000;0,014836795252226
Malta;2000;MLT2000;1;1;0,20708221163802;0,20708221163802;656;80;No;10920;100;4829;11;100;1219;39;27;100;68,2;439000;0,022779043280182
Iceland;2012;ISL2012;0;0;0;0;3850;86;Yes;40750;98,8;4751,7;14,1;99;3;19;17;50;72,7;337000;0,014836795252226
Iceland;2013;ISL2013;0;0;0;0;4126;88;Yes;47080;98,8;4515,8;13,4;99;3;19;16;50;72,7;337000;0,014836795252226
Malta;2012;MLT2012;0;1;0,232439217144717;0;1857;90;No;21650;100;4302,2;9,8;100;1311;32;22;100;71,7;439000;0,022779043280182
Malta;2013;MLT2013;0;1;0,239779402949287;0;2000;95;No;22790;100;4170,5;9,5;100;1323;32;21;100;71,7;439000;0,022779043280182
Barbados;2000;BRB2000;0;0;0;0;602;80;Yes;11160;94,9;4004;14;88;628;14;2;200;64,7;286000;0,06993006993007
Barbados;2013;BRB2013;0;0;0;0;1007;87;Yes;15920;95,5;3432;12;96;657;13;1;200;66,8;286000;0,06993006993007
Barbados;2012;BRB2012;0;1;0,291375291375291;0;1009;84;Yes;15960;94,9;3432;12;95;655;13;1;200;66,8;286000;0,06993006993007
Saint Lucia;2012;LCA2012;1;1;0,349162011173184;0,349162011173184;573;80;No;8060;89,5;2864;16;90;287;16,3;4,6;600;66,1;179000;0,335195530726257
Antigua and Barbuda;2000;ATG2000;0;0;0;0;420;20;No;9230;85;2142;21;82;190;5;1,9;100;65;102000;0,098039215686275
Moco;2000;MCO2000;0;0;0;0;2684;80;Yes;90830;100;959,4;24,6;100;16041;38;28;50;60,1;39000;0,128205128205128
Andorra;2000;AND2000;0;0;0;0;1318;80;Yes;41010;100;847;11;100;139;44;32;10;81,2;77000;0,012987012987013
Saint Kitts and Nevis;2012;K2012;0;0;0;0;892;70;No;13710;72,2;764,5;13,9;92;202;12;0,6;270;66;55000;0,490909090909091
Saint Kitts and Nevis;2013;K2013;0;0;0;0;873;70;No;14540;72,2;758,45;13,79;92;204;12;0,6;270;66;55000;0,490909090909091
Moco;2012;MCO2012;0;0;0;0;6521;90;Yes;90830;100;739,83;18,97;100;18892;38;28;50;65,1;39000;0,128205128205128
Andorra;2012;AND2012;0;0;0;0;3414;90;Yes;41010;100;731,5;9,5;100;175;39;28;10;81,2;77000;0,012987012987013
Andorra;2013;AND2013;0;0;0;0;2948;90;Yes;43270;100;731,5;9,5;100;172;38;28;10;81,2;77000;0,012987012987013
Moco;2013;MCO2013;0;0;0;0;6993;90;Yes;90830;100;730,47;18,73;100;18986;38;28;50;65,1;39000;0,128205128205128
San Marino;2012;SMR2012;0;0;0;0;3877;12;No;6350;89,5;320,1;9,7;100;532;11;11;50;82;33000;0,151515151515152
San Marino;2000;SMR2000;0;0;0;0;2166;10;No;3470;89,5;320,1;9,7;100;457;11;11;50;80,62;33000;0,151515151515152
San Marino;2013;SMR2013;0;0;0;0;3847;12;No;6550;90;310,2;9,4;100;538;11;11;50;83,82;33000;0,151515151515152
Palau;2013;PLW2013;0;0;0;0;1008;99;Yes;9480;100;288,2;13,1;100;45;37,2;27;60;69,13;22000;0,272727272727273
Palau;2012;PLW2012;0;0;0;0;976;82;Yes;9630;100;279,4;12,7;100;45;37,2;27;60;69,13;22000;0,272727272727273
Congo;2000;COG2000;285;2160;0,68090257419001;0,089841311872293;22;5;Yes;480;14,6;3172260;39;13;9;10;2;200000;46,3;81340000;0,24588148512417
Brazil;2012;BRA2012;649;4329;1,37896104888957;0,206732668221143;1078;88;Yes;12280;81,6;3139320;15;84;24;21;12;48000;65,6;209288000;0,022934903100034
Brazil;2013;BRA2013;608;4201;1,33818788782284;0,193672515066957;1085;94;Yes;12730;82,1;3139320;15;85;24;20;12;48000;65,6;209288000;0,022934903100034
Russian Federation;2012;RUS2012;178;1346;0,701673062786759;0,092791831482944;913;35;No;13330;72,2;1918272,3;13,3;88;9;60;23;200000;63,4;144231000;0,138666444800355
Russian Federation;2013;RUS2013;162;1263;0,663392877965335;0,085090772945672;957;35;No;14840;72,2;1903849,2;13,2;88;9;60;23;200000;63,4;144231000;0,138666444800355
Turkey;2012;TUR2012;109;703;0,512142438249682;0,079407575774133;569;97;Yes;11880;93,7;1372665;17;94;97;43;14;50000;66,2;80745000;0,061923338906434
Turkey;2013;TUR2013;146;924;0,67314311940641;0,106362440945169;608;97;Yes;12530;94,1;1372665;17;95;98;42;13;50000;66,2;80745000;0,061923338906434
Saudi Arabia;2000;SAU2000;116;1224;1,42925870049557;0,135452621942391;396;90;Yes;8110;100;856388;26;98;10;20;4;500;62,8;32938000;0,001518003521768
Argenti;2000;ARG2000;141;1010;1,20073851362838;0,167627851902576;710;40;Yes;7440;95,5;841149;19;95;14;44;34;5500;65,4;44271000;0,012423482641007
Argenti;2012;ARG2012;92;634;0,795604847919004;0,115450545754808;994;41;Yes;11790;95,5;796878;18;95;15;32;21;5500;67,6;44271000;0,012423482641007
Argenti;2013;ARG2013;80;648;0,813173409229518;0,100391778917224;1074;86;Yes;12770;95,8;796878;18;95;16;31;19;5500;67,6;44271000;0,012423482641007
Venezuela (Bolivarian Republic of);2000;VEN2000;188;1083;1,41117052881759;0,244967737227799;273;5;Yes;3530;94;767448;24;87;28;21,6;11,8;6800;63,8;31977000;0,021265284423179
Thailand;2013;THA2013;184;816;1,07450705671975;0,242290806907395;264;50;No;5730;93,1;759418;11;95;133;42;2;6400;66,8;69038000;0,009270256959935
Thailand;2012;THA2012;205;897;1,18116768367355;0,269943562043565;247;40;No;5520;93,2;759418;11;95;133;42;2;6400;66,8;69038000;0,009270256959935
Malaysia;2000;MYS2000;68;452;0,649679184968838;0,097739346411241;122;60;No;3560;95,9;695728;22;97;71;55;3;12000;64,2;31624000;0,037945863900835
Saudi Arabia;2012;SAU2012;55;393;0,56816703243323;0,079514470187857;992;98;Yes;24050;100;691698;21;100;14;26;3;500;64,4;32938000;0,001518003521768
Saudi Arabia;2013;SAU2013;50;353;0,510338326842061;0,072285881988961;808;98;Yes;25440;100;691698;21;100;14;27;3;500;64,4;32938000;0,001518003521768
Ukraine;2012;UKR2012;195;485;0,950148732560363;0,382018562575816;290;80;No;3500;95,8;510446,4;11,4;96;79;51;14;17000;64,1;44776000;0,037966767911381
Ukraine;2013;UKR2013;181;444;0,893335715561908;0,364175145307895;313;80;No;3800;95,8;497013,6;11,1;96;79;50;14;17000;64,1;44776000;0,037966767911381
Sri Lanka;2012;LKA2012;75;258;0,712443460155633;0,207105657021986;88;80;No;3360;93,8;362134;17;93;326;29;1;1000;67;21302000;0,004694394892498
Sri Lanka;2013;LKA2013;71;226;0,663083278565393;0,208313773354615;102;90;No;3490;94,8;340832;16;94;328;29;1;1000;67;21302000;0,004694394892498
Chile;2000;CHL2000;36;291;0,948083470441624;0,117288676755665;364;70;Yes;5090;98,8;306935;17;92;21;50;44;2100;67,7;18055000;0,011631127111603
Tunisia;2012;TUN2012;80;287;1,2894958655258;0,359441356244125;292;25;No;4090;90,3;222567,6;19,3;91;70;45,1;4,4;500;66,7;11532000;0,004335761359695
Tunisia;2013;TUN2013;74;274;1,23108664513613;0,332483254525816;309;30;No;4130;90,9;222567,6;19,3;92;71;45,1;4,4;500;66,7;11532000;0,004335761359695
Cuba;2000;CUB2000;19;75;0,502327450520746;0,127256287465256;166;80;No;2610;92,7;149305;13;89;104;55;31;500;67,2;11485000;0,00435350457118
Libya;2012;LBY2012;35;189;1,35374697824335;0,25069388485988;669;25;Yes;10860;96,6;139612,5;21,9;100;4;29,5;0,9;6000;63,7;6375000;0,094117647058824
Libya;2013;LBY2013;33;181;1,35200746965453;0,246498599439776;433;35;Yes;10520;96,6;133875;21;100;4;29,5;0,9;6000;63,7;6375000;0,094117647058824
Cuba;2012;CUB2012;26;83;0,656983417105315;0,205802034273954;558;90;No;6210;92,7;126335;11;91;107;53;20;3300;69,2;11485000;0,028733130169787
Cuba;2013;CUB2013;24;81;0,678142058203007;0,200930980208298;603;90;No;6570;93,1;119444;10,4;91;110;53;19;3300;69,2;11485000;0,028733130169787
Lebanon;2000;LBN2000;36;137;1,18555184409561;0,311531871441181;579;40;No;5470;80,7;115558;19;75;316;35;24;100;61,2;6082000;0,001644195988162
Oman;2000;OMN2000;6;104;0,93471383376474;0,053925798101812;273;90;Yes;7070;96,7;111264;24;88;7;13;1;10000;63,2;4636000;0,215703192407248
Hungary;2000;HUN2000;15;76;0,776699029126214;0,153295861011753;326;85;Yes;4660;98;97850;10;98;114;46;34;1000;63,7;9785000;0,01021972406745
Oman;2012;OMN2012;4;55;0,570094934281529;0,041461449765929;605;99;Yes;19560;96,7;96475,16;20,81;98;11;19;1;10000;66,6;4636000;0,215703192407248
Costa Rica;2000;CRI2000;18;73;0,783144162893986;0,19310404016564;287;85;Yes;3580;94,3;93214;19;94;77;28;13;500;68,1;4906000;0,010191602119853
Oman;2013;OMN2013;4;57;0,614754098360656;0,04314063848145;678;99;Yes;20580;96,7;92720;20;99;12;19;1;10000;66,6;4636000;0,215703192407248
Serbia;2000;SRB2000;12;82;1,16626368937562;0,170672735030579;64;80;No;1530;96,5;70310;10;98;86;55;41;100;64,5;7031000;0,001422272791921
Bulgaria;2013;BGR2013;16;84;1,29052081732985;0,24581348901521;555;94;Yes;7610;86;65090;9,2;86;67;44;29;500;66,4;7075000;0,007067137809187
Jamaica;2000;JAM2000;24;39;0,642609985170539;0,395452298566485;189;70;Yes;3210;81,7;60690;21;84;245;29;9;1700;63,9;2890000;0,058823529411765
Slovakia;2012;SVK2012;10;42;0,7508138285606;0,178765197276333;1377;98;Yes;17550;98,8;55939,3;10,3;99;112;41;18;200;68,1;5431000;0,003682563063892
Slovakia;2013;SVK2013;2;37;0,67452887803971;0,036461020434579;1454;98;Yes;18140;98,8;54853,1;10,1;99;113;40;18;200;68,1;5431000;0,003682563063892
Slovakia;2000;SVK2000;11;72;1,32572270300129;0,202540968514086;208;90;Yes;5520;98,8;54310;10;99;112;46;21;100;64,9;5431000;0,001841281531946
Georgia;2013;GEO2013;25;61;1,17285137473563;0,480676792924438;350;10;Yes;4240;87,5;52010;14;86;66;59;6;1100;66,4;3715000;0,029609690444145
Georgia;2012;GEO2012;29;68;1,30744087675447;0,557585079792348;333;5;Yes;3870;88,1;52010;14;87;67;59;6;1100;66,4;3715000;0,029609690444145
Uruguay;2012;URY2012;3;35;0,723170378941279;0,061986032480681;1265;93;Yes;13910;95,9;48398;14;95;19;30;22;1000;67,9;3457000;0,028926815157651
Jamaica;2012;JAM2012;16;34;0,809683818468888;0,381027679279477;302;70;Yes;4970;81,7;41991,7;14,53;85;262;30;6;1700;67;2890000;0,058823529411765
Croatia;2000;HRV2000;11;21;0,505415162454874;0,2647412755716;371;80;No;5290;97,1;41550;10;97;79;40;28;100;66,4;4155000;0,002406738868833
Jamaica;2013;JAM2013;15;30;0,766663429643297;0,383331714821648;305;70;Yes;5020;81,8;39130,6;13,54;85;263;30;6;1700;67;2890000;0,058823529411765
Bosnia and Herzegovi;2000;BIH2000;16;45;1,1664981724862;0,41475490577287;103;5;No;1480;94,8;38577;11;95;74;58;36;1000;65,1;3507000;0,028514399771885
Albania;2013;ALB2013;14;38;1,01530980308334;0,374061506399124;240;99;Yes;4480;92,7;37427;13;87;106;51;8;500;68,8;2879000;0,017367141368531
Albania;2012;ALB2012;15;42;1,14598576194547;0,409280629266239;220;99;Yes;4360;92,1;36649,67;12,73;87;106;52;8;500;68,8;2879000;0,017367141368531
Lithuania;2012;LTU2012;3;15;0,514911847091778;0,102982369418356;939;35;Yes;14100;91,2;29131,2;10,2;92;48;41;22;500;66,1;2856000;0,01750700280112
Lithuania;2000;LTU2000;6;36;1,26050420168067;0,210084033613445;211;30;Yes;3210;91,2;28560;10;85;56;53;21;200;63,9;2856000;0,007002801120448
Mauritius;2000;MUS2000;1;14;0,64998375040624;0,046427410743303;146;1;No;3870;93;21539;17;91;585;47;5;1200;63,8;1267000;0,094711917916338
Trinidad and Tobago;2000;TTO2000;9;20;0,973946919892866;0,43827611395179;260;30;Yes;5400;91,5;20535;15;91;247;27,4;7,1;1000;61,4;1369000;0,073046018991965
Latvia;2000;LVA2000;6;13;0,740740740740741;0,341880341880342;196;45;Yes;3310;86,5;17550;9;87;38;57;25;1000;63;1950000;0,051282051282051
Estonia;2000;EST2000;5;11;0,930862317000931;0,423119235000423;214;60;No;4150;97,2;11817;9;99;33;55;27;200;63,1;1313000;0,015232292460015
Maldives;2012;MDV2012;2;8;0,859660434128519;0,21491510853213;710;50;No;8260;98;9306;22;96;1283;34,5;7,7;700;69,5;423000;0,16548463356974
Maldives;2013;MDV2013;2;6;0,675447483958122;0,225149161319374;720;70;No;8980;98;8883;21;96;1310;34,5;7,7;700;69,5;423000;0,16548463356974
Montenegro;2000;MNE2000;2;8;0,917220820912635;0,229305205228159;118;70;No;;94,6;8722;14;95;45;34,6;20,2;100;64,9;623000;0,016051364365971
Belize;2012;BLZ2012;3;10;1,14695340501792;0,344086021505376;259;60;No;4260;90,2;8718,75;23,25;86;15;17,4;1,8;500;62,2;375000;0,133333333333333
Belize;2013;BLZ2013;2;11;1,27536231884058;0,231884057971014;262;80;No;4330;90,6;8625;23;87;15;17,4;1,8;500;62,2;375000;0,133333333333333
Brunei Darussalam;2012;BRN2012;1;4;0,548471136706431;0,137117784176608;946;85;No;42290;95;7293;17;96;74;29;3;21000;70,3;429000;4,8951048951049
Bahamas;2012;BHS2012;3;8;1,35021097046414;0,506329113924051;1618;37;Yes;21330;92;5925;15;92;37;15,8;4,5;500;66,6;395000;0,126582278481013
Bahamas;2013;BHS2013;3;8;1,35021097046414;0,506329113924051;1621;97;Yes;23580;92;5925;15;92;38;15,8;4,5;500;66,6;395000;0,126582278481013
Saint Lucia;2000;LCA2000;0;2;0,588062334607468;0;272;80;No;4620;89,5;3401;19;79;257;16,3;4,6;600;63;179000;0,335195530726257
Saint Lucia;2013;LCA2013;1;3;1,08618124020174;0,36206041340058;621;90;No;8150;90;2761,97;15,43;91;288;16,3;4,6;600;66,1;179000;0,335195530726257
Saint Vincent and the Gredines;2000;VCT2000;0;2;0,909090909090909;0;137;80;No;3470;89,5;2200;20;71;277;15,6;2,2;550;62,6;110000;0,5
Greda;2013;GRD2013;1;2;0,974658869395711;0,487329434697856;499;75;No;7510;98;2052;19;88;311;15,4;4,4;800;65;108000;0,740740740740741
Greda;2012;GRD2012;1;2;0,974658869395711;0,487329434697856;471;65;No;7160;98;2052;19;89;310;15,4;4,4;800;65;108000;0,740740740740741
Greda;2000;GRD2000;0;3;1,46198830409357;0;339;40;No;4660;98;2052;19;92;299;15,4;4,4;800;62,4;108000;0,740740740740741
Saint Vincent and the Gredines;2012;VCT2012;0;2;1,06951871657754;0;340;90;No;6350;89,5;1870;17;85;280;15,6;2,2;550;64,6;110000;0,5
Dominica;2000;DMA2000;0;1;0,537316640696362;0;225;20;No;3600;72,6;1861,1;25,15;64;93;8,4;2,8;100;63,2;74000;0,135135135135135
Seychelles;2000;SYC2000;0;2;1,10803324099723;0;356;80;No;7290;98,4;1805;19;94;176;48;11;500;64,4;95000;0,526315789473684
Seychelles;2012;SYC2012;0;2;1,13186191284663;0;502;90;No;12240;98,4;1767;18,6;99;192;44;9;500;65,5;95000;0,526315789473684
Antigua and Barbuda;2012;ATG2012;0;1;0,576701268742791;0;727;30;No;11900;85,4;1734;17;87;220;5;1,9;100;67,2;102000;0,098039215686275
Seychelles;2013;SYC2013;0;2;1,20992135511192;0;551;90;No;13500;98,4;1653;17,4;100;196;44;9;500;65,5;95000;0,526315789473684
Antigua and Barbuda;2013;ATG2013;0;1;0,612745098039216;0;665;40;No;12020;85;1632;16;88;222;5;1,9;100;67,2;102000;0,098039215686275
Dominica;2012;DMA2012;0;1;0,695139584028473;0;399;24;No;6750;72,6;1438,56;19,44;78;96;8,4;2,8;100;65,1;74000;0,135135135135135
Dominica;2013;DMA2013;0;1;0,703462442140214;0;417;25;No;6610;73,4;1421,54;19,21;78;97;8,4;2,8;100;65,1;74000;0,135135135135135
Saint Kitts and Nevis;2000;K2000;0;1;0,953925403033483;0;392;50;No;8630;72,2;1048,3;19,06;85;175;12;0,6;270;75,3;55000;0,490909090909091
Chi;2012;CHN2012;8878;29766;1,77748104923406;0,530151070184101;322;80;No;5490;73,1;16746170,1;12,1;72;144;49;2;7000;68,5;1383981000;0,000505787290432
Chi;2013;CHN2013;7684;27633;1,65284060980606;0,459610872715585;367;90;No;6800;74,2;16718490,48;12,08;73;145;49;2;7000;68,5;1383981000;0,000505787290432
Mexico;2012;MEX2012;931;4375;1,78273311935103;0,379365607797899;618;99;Yes;9870;83,7;2454097;19;87;62;23;8;12000;67,4;129163000;0,009290586313418
Mexico;2013;MEX2013;812;4151;1,69145718364026;0,330875266951551;664;84;Yes;10020;84,4;2454097;19;88;63;22;8;12000;67,4;129163000;0,009290586313418
Turkey;2000;TUR2000;402;3634;2,04572194169073;0,226301656730785;197;90;Yes;4300;93,7;1776390;22;83;82;59;20;50000;61,6;80745000;0,061923338906434
Iran (Islamic Republic of);2012;IRN2012;749;3620;2,45738866001346;0,508448648163005;485;5;No;6790;89,6;1473108,45;18,15;88;47;23;1;5000;66,5;81163000;0,006160442566194
Iran (Islamic Republic of);2013;IRN2013;716;3455;2,37813732583241;0,492835405295516;432;10;No;7050;89,9;1452817,7;17,9;88;48;23;1;5000;66,5;81163000;0,006160442566194
Thailand;2000;THA2000;718;2456;2,37164073891673;0,693337968461813;67;10;No;1980;93,2;1035570;15;95;123;47;3;35000;63,4;69038000;0,050696717749645
Colombia;2012;COL2012;311;1404;1,7884074511882;0,396150083560918;530;84;Yes;7140;80,2;785056;16;83;42;17;7;5600;65,2;49066000;0,011413198548893
Colombia;2013;COL2013;257;1230;1,56676721151103;0,327365181592141;533;87;Yes;7760;80,6;785056;16;83;43;17;7;5600;65,2;49066000;0,011413198548893
Peru;2012;PER2012;265;1257;1,9109899787047;0,402873782304491;368;85;Yes;5670;73,7;657774,25;20,45;74;24;17,9;4,5;2700;65,7;32165000;0,008394217316959
Peru;2013;PER2013;246;1170;1,81874708534121;0,382403233328152;354;89;Yes;6270;74,6;643300;20;75;24;17,9;4,5;2700;65,7;32165000;0,008394217316959
Venezuela (Bolivarian Republic of);2012;VEN2012;456;1071;1,67464114832536;0,71301247771836;618;5;Yes;11740;94;639540;20;94;34;21,6;11,8;6500;65,2;31977000;0,020327110110392
Venezuela (Bolivarian Republic of);2013;VEN2013;425;1088;1,70122275385433;0,664540138224349;520;15;Yes;12480;94,4;639540;20;95;34;21,6;11,8;6500;65,2;31977000;0,020327110110392
Syrian Arab Republic;2013;SYR2013;208;790;1,80167852581646;0,474365991607371;43;80;No;970;95,7;438480;24;93;108;28,3;6,3;30000;55,9;18270000;0,164203612479475
Syrian Arab Republic;2012;SYR2012;212;848;1,93395365809159;0,483488414522897;73;60;No;970;95,7;438480;24;93;111;28,3;6,3;30000;55,9;18270000;0,164203612479475
Kazakhstan;2013;KAZ2013;147;749;1,83107611438706;0,359370078524562;580;52;Yes;11840;97,5;409049,08;22,73;98;6;45;9;2900;63,3;17996000;0,016114692153812
Kazakhstan;2012;KAZ2012;174;823;2,01553040874565;0,426126720682555;539;37;Yes;9940;97,5;408329,24;22,69;98;6;46;10;2900;63,3;17996000;0,016114692153812
Sri Lanka;2000;LKA2000;185;645;1,68215816981191;0,482479475062331;32;50;No;880;93,8;383436;18;85;297;32;2;100;63,9;21302000;0,00046943948925
Ecuador;2013;ECU2013;82;660;1,88415985383487;0,234092587900696;431;90;Yes;5830;83,8;350288,75;21,07;84;63;15;4;1900;67;16625000;0,011428571428571
Ecuador;2012;ECU2012;84;698;1,99928392409595;0,240601503759398;361;94;Yes;5410;82,8;349125;21;83;62;15;4;1900;67;16625000;0,011428571428571
Jordan;2000;JOR2000;116;522;1,73559159734275;0,385687021631722;171;20;Yes;1680;98,6;300762;31;99;58;42;8;100;62,9;9702000;0,00103071531643
Jordan;2013;JOR2013;99;411;1,51294283947345;0,364431486880466;336;60;Yes;3790;98,6;271656;28;97;95;66;11;100;65;9702000;0,00103071531643
Jordan;2012;JOR2012;99;411;1,51294283947345;0,364431486880466;351;50;Yes;3680;98,6;271656;28;97;90;64;10;100;65;9702000;0,00103071531643
El Salvador;2012;SLV2012;55;272;2,36925542664019;0,479077384063273;254;94;Yes;3640;72,6;114804;18;89;300;18,2;2,6;1000;64,1;6378000;0,015678896205707
El Salvador;2013;SLV2013;52;254;2,34261155073506;0,479589766292218;266;92;Yes;3750;73,4;108426;17;90;302;18,2;2,6;1000;64,1;6378000;0,015678896205707
Pama;2000;PAN2000;71;182;1,93048145358889;0,753099907718744;295;58;Yes;3910;73,4;94277;23;64;41;26;5;1000;66,4;4099000;0,024396194193706
Belarus;2000;BLR2000;37;172;2,01593999062354;0,433661509610877;75;5;No;1380;94,4;85320;9;95;49;64;13;500;61,2;9480000;0,005274261603376
Pama;2012;PAN2012;31;177;2,15906318614296;0,37814101000244;723;62;Yes;9530;73,4;81980;20;74;51;13;3;1300;68,1;4099000;0,031715052451818
Pama;2013;PAN2013;44;201;2,49168446795471;0,545443366119438;796;68;Yes;10510;73,9;80668,32;19,68;75;52;13;3;1300;68,1;4099000;0,031715052451818
Bulgaria;2012;BGR2012;15;117;1,74074762878929;0,223172772921704;520;94;Yes;7420;86;67212,5;9,5;86;67;45;30;500;66,4;7075000;0,007067137809187
Uruguay;2000;URY2000;11;83;1,50057853630315;0,198871854208852;773;89;Yes;7050;95,9;55312;16;94;19;48;37;1000;66,1;3457000;0,028926815157651
Armenia;2013;ARM2013;22;76;1,99527435022316;0,577579417169861;159;40;Yes;4120;89,5;38090;13;91;102;53;2;500;64,2;2930000;0,017064846416382
Armenia;2012;ARM2012;25;84;2,20530322919401;0,656340246783933;150;30;Yes;3880;89,5;38090;13;91;101;55;2;500;64,2;2930000;0,017064846416382
Trinidad and Tobago;2012;TTO2012;23;34;1,65570976381787;1,1200389578768;991;39;Yes;16070;91,5;20535;15;92;262;27,4;7,1;500;63,3;1369000;0,036523009495983
Trinidad and Tobago;2013;TTO2013;22;42;2,10276408338761;1,10144785320304;995;80;Yes;18100;91,5;19973,71;14,59;92;263;27,4;7,1;500;63,3;1369000;0,036523009495983
Guya;2012;GUY2012;3;32;2,16479502097145;0,202949533216074;235;90;Yes;3620;83,6;14782;19;85;4;27,9;3,5;1000;59;778000;0,12853470437018
Mauritius;2012;MUS2012;6;22;1,50990014069524;0,411790947462338;439;1;No;9260;93;14570,5;11,5;93;619;41;4;1200;66,8;1267000;0,094711917916338
Mauritius;2013;MUS2013;7;27;1,95506252579596;0,506868062243398;463;5;No;9790;93,2;13810,3;10,9;93;620;41;4;1200;66,8;1267000;0,094711917916338
Surime;2000;SUR2000;11;32;2,47123329986872;0,849486446829871;167;20;No;1900;79,3;12949;23;81;3;9,9;2,3;500;59,1;563000;0,088809946714032
Cabo Verde;2013;CPV2013;7;30;2,4975024975025;0,582750582750583;165;45;No;3440;70,1;12012;22;64;129;20;4;200;64,2;546000;0,036630036630037
Belize;2000;BLZ2000;1;19;1,68888888888889;0,088888888888889;139;40;No;3150;90,2;11250;30;83;11;17,4;1,8;500;60,5;375000;0,133333333333333
Surime;2012;SUR2012;0;18;1,68271477984482;0;437;60;No;8610;79,3;10697;19;79;3;9,9;2,3;500;63,1;563000;0,088809946714032
Surime;2013;SUR2013;0;16;1,57884349713835;0;445;80;No;9030;79,2;10134;18;79;3;9,9;2,3;500;63,1;563000;0,088809946714032
Samoa;2012;WSM2012;2;10;1,8896447467876;0,377928949357521;243;60;No;3780;91,6;5292;27;97;67;45;20;1000;66,6;196000;0,510204081632653
Samoa;2013;WSM2013;2;9;1,76609105180534;0,392464678178964;271;60;No;3920;91,5;5096;26;97;67;44;19;1000;66,6;196000;0,510204081632653
Tonga;2000;TON2000;1;7;2,31481481481481;0,330687830687831;92;20;No;2050;91,3;3024;28;89;136;54;15;200;64,3;108000;0,185185185185185
Tonga;2012;TON2012;1;6;2,13675213675214;0,356125356125356;197;25;No;4220;91,3;2808;26;93;146;48;13;200;66;108000;0,185185185185185
Tonga;2013;TON2013;1;6;2,22222222222222;0,37037037037037;204;30;No;4330;91,1;2700;25;93;146;48;13;200;66;108000;0,185185185185185
Saint Vincent and the Gredines;2013;VCT2013;0;3;1,70454545454545;0;345;90;No;6550;90;1760;16;86;280;15,6;2,2;550;64,6;110000;0,5
Brazil;2000;BRA2000;2285;14646;3,499006154199;0,545898474828944;265;80;Yes;3860;81,6;4185760;20;73;21;29;19;42000;61,9;209288000;0,02006804021253
Mexico;2000;MEX2000;1871;9626;3,10524943933892;0,603565520569616;328;70;Yes;5810;83,7;3099912;24;76;52;37;13;12000;65,6;129163000;0,009290586313418
Egypt;2013;EGY2013;1489;8240;3,01667518462491;0,545124921105158;151;90;No;2790;94,7;2731484;28;93;90;47;1;1600;62,2;97553000;0,001640134080961
Egypt;2012;EGY2012;1550;8459;3,09685138188618;0,567457103903958;158;80;No;2520;94,7;2731484;28;93;88;46;1;1600;62,2;97553000;0,001640134080961
Viet m;2012;VNM2012;1422;4981;3,12860376713791;0,893168953396931;102;40;No;1550;73,1;1592084;17;74;286;48;1;11000;66,6;93652000;0,011745611412463
Viet m;2013;VNM2013;1402;5000;3,14053781081903;0,880606802153655;111;40;No;1740;74,7;1592084;17;75;289;48;1;11000;66,6;93652000;0,011745611412463
Russian Federation;2000;RUS2000;760;3591;2,76639557376708;0,58548054471261;96;30;No;1710;72,2;1298079;9;84;9;67;22;200000;58,3;144231000;0,138666444800355
Algeria;2012;DZA2012;814;3004;2,90817561353405;0,788034270777869;319;10;No;5140;87;1032950;25;87;16;21,7;0,9;1000;66,3;41318000;0,002420252674379
Algeria;2013;DZA2013;809;3040;2,94302725204511;0,783193765429111;314;25;No;5480;87,2;1032950;25;87;16;21,7;0,9;1000;66,3;41318000;0,002420252674379
Colombia;2000;COL2000;497;2698;2,61843619769679;0,482343510102039;148;80;Yes;2320;80,2;1030386;21;76;36;25;11;7700;62,4;49066000;0,015693148004728
Morocco;2013;MAR2013;670;2309;3,07645162149919;0,892690596104138;189;80;Yes;3080;76,5;750540;21;82;76;44;2;1000;65,1;35740000;0,002797985450476
Morocco;2012;MAR2012;701;2426;3,2323393823114;0,933994190849255;181;72;Yes;2970;75,6;750540;21;81;75;43;2;1000;65,1;35740000;0,002797985450476
Syrian Arab Republic;2000;SYR2000;312;1736;3,06513409961686;0,550876635415011;58;10;No;970;95,7;566370;31;93;89;28,3;6,3;30000;61,8;18270000;0,164203612479475
Ecuador;2000;ECU2000;133;1304;3,13744360902256;0,32;53;80;Yes;1540;82,8;415625;25;71;51;21;5;1900;63,9;16625000;0,011428571428571
Ukraine;2000;UKR2000;399;1127;3,1462167232446;1,11387797034125;36;60;No;700;95,8;358208;8;95;85;60;16;24000;60,6;44776000;0,053600142933715
Honduras;2013;HND2013;97;515;2,52661531668547;0,475886768385419;196;97;Yes;2040;81,3;203830;22;78;77;36;2;1000;64,9;9265000;0,010793308148948
Honduras;2012;HND2012;100;542;2,65907864396801;0,490604915861257;221;95;Yes;2000;80;203830;22;76;76;37;2;1000;64,9;9265000;0,010793308148948
Romania;2012;ROU2012;122;681;3,47697334831002;0,622893903808843;468;10;No;8740;78,3;195860;10;82;87;40;23;1000;66,8;19586000;0,005105687736138
Romania;2013;ROU2013;86;599;3,3607768724689;0,482515544294366;504;15;No;9260;78,6;178232,6;9,1;82;87;39;23;1000;66,8;19586000;0,005105687736138
Paraguay;2013;PRY2013;78;395;2,63611003590449;0,520548310887468;395;90;Yes;4180;86,8;149842;22;89;16;30;8;1300;65,4;6811000;0,019086771399207
Paraguay;2012;PRY2012;82;414;2,76291026547964;0,547243096061184;358;82;Yes;3430;85,4;149842;22;88;16;31;9;1300;65,4;6811000;0,019086771399207
Libya;2000;LBY2000;62;381;2,71657754010695;0,442067736185383;253;20;Yes;10860;96,6;140250;22;100;3;29,5;0,9;6000;62,1;6375000;0,094117647058824
Mongolia;2013;MNG2013;44;212;2,87169484178587;0,596012136974426;244;50;No;4350;58,5;73824;24;58;2;49;6;100;62,1;3076000;0,003250975292588
Mongolia;2012;MNG2012;46;220;2,98006068487213;0,62310359774599;232;35;No;3660;57,9;73824;24;58;2;49;6;100;62,1;3076000;0,003250975292588
Republic of Moldova;2013;MDA2013;62;112;2,87297352760107;1,59039605992202;263;1;Yes;2470;76,1;38984;11;78;124;45;5;1600;64,9;3544000;0,045146726862303
Republic of Moldova;2012;MDA2012;81;123;3,15514057049046;2,07777549764006;241;1;Yes;2140;75,8;38984;11;77;124;45;5;1600;64,9;3544000;0,045146726862303
Fiji;2000;FJI2000;8;67;2,95805739514349;0,353200883002208;80;75;Yes;2230;91,1;22650;25;80;44;52;15;200;60,8;906000;0,022075055187638
Fiji;2012;FJI2012;9;61;3,20613896772837;0,473036896877956;184;85;Yes;4100;91,1;19026;21;92;48;41;13;200;62,9;906000;0,022075055187638
Fiji;2013;FJI2013;9;60;3,3112582781457;0,496688741721854;189;87;Yes;4640;91,1;18120;20;93;48;40;13;200;62,9;906000;0,022075055187638
Cabo Verde;2012;CPV2012;7;31;2,58075258075258;0,582750582750583;163;40;No;3380;68,1;12012;22;63;128;20;4;200;64,2;546000;0,036630036630037
Bahamas;2000;BHS2000;9;20;2,81293952180028;1,26582278481013;1107;30;Yes;19020;92;7110;18;89;30;15,8;4,5;500;63,8;395000;0,126582278481013
Samoa;2000;WSM2000;3;16;2,63331138907176;0,493745885450955;80;30;No;1600;91,6;6076;31;99;62;63;26;1000;63,4;196000;0,510204081632653
Palau;2000;PLW2000;0;1;3,03030303030303;0;908;75;Yes;5690;100;330;15;85;42;37,2;27;60;70,49;22000;0,272727272727273
Uzbekistan;2013;UZB2013;573;2760;3,80220279792532;0,789370363482322;120;85;Yes;1970;100;725895;22,5;100;71;26;1;6000;62,4;32262000;0,018597731076809
Uzbekistan;2012;UZB2012;617;2926;4,31880643894778;0,910698418602454;110;80;Yes;1740;100;677502;21;100;70;26;1;6000;62,4;32262000;0,018597731076809
Honduras;2000;HND2000;178;1131;3,69916106559388;0,582184500155358;76;87;Yes;880;80;305745;33;62;58;60;4;1800;61,4;9265000;0,019427954668106
Dominican Republic;2012;DOM2012;270;863;3,64328714844179;1,13984650067124;310;24;Yes;5660;82,9;236874;22;82;96;19;10;2500;65,1;10767000;0,023219095384044
Dominican Republic;2013;DOM2013;264;852;3,76812747946769;1,16758879645478;315;25;Yes;5850;83,3;226107;21;82;97;19;10;2500;65,1;10767000;0,023219095384044
Tunisia;2000;TUN2000;215;845;4,31025688110832;1,09669257921691;121;20;No;2280;90,3;196044;17;80;62;45,1;4,4;100;64,4;11532000;0,000867152271939
Paraguay;2000;PRY2000;121;697;3,79016514679413;0,657977019744748;124;73;Yes;1360;85,4;183897;27;72;13;46;15;1200;62,5;6811000;0,017618558214653
Azerbaijan;2013;AZE2013;153;799;4,42452393451483;0,847249264056032;436;40;Yes;7450;86,3;180584,4;18,3;86;114;48;1;1000;64,7;9868000;0,010133765707337
Nicaragua;2012;NIC2012;90;509;3,85400747117142;0,681455152073532;144;99;Yes;1770;66,8;132070,32;21,24;73;49;17,2;5,7;500;63,8;6218000;0,008041170794468
Nicaragua;2013;NIC2013;86;482;3,69128030755564;0,6586101793564;155;99;Yes;1860;67,8;130578;21;74;49;17,2;5,7;500;63,8;6218000;0,008041170794468
Botswa;2000;BWA2000;79;243;3,78646222887061;1,2309897781102;152;45;Yes;3020;62,4;64176;28;54;3;21,5;6,1;27000;41,9;2292000;1,17801047120419
Bulgaria;2000;BGR2000;31;277;4,35021594032195;0,486847271299568;97;90;Yes;1660;86;63675;9;86;74;59;42;500;63,4;7075000;0,007067137809187
Botswa;2012;BWA2012;90;220;3,7715535714898;1,54290827924583;402;52;Yes;7310;62,4;58331,4;25,45;59;4;21,5;6,1;10000;56,9;2292000;0,43630017452007
Botswa;2013;BWA2013;88;205;3,57766143106457;1,53577661431065;397;72;Yes;7580;63,3;57300;25;60;4;21,5;6,1;10000;56,9;2292000;0,43630017452007
Solomon Islands;2000;SLB2000;11;79;3,5915621022004;0,500090925622841;48;30;Yes;1010;28,9;21996;36;21;15;38,4;15,5;4000;59,1;611000;0,654664484451719
Guya;2000;GUY2000;13;77;3,80660470634764;0,6426735218509;56;89;Yes;870;83,6;20228;26;78;4;27,9;3,5;1000;57,8;778000;0,12853470437018
Solomon Islands;2012;SLB2012;10;73;3,82324058919804;0,523731587561375;101;38;Yes;1510;28,9;19093,75;31,25;29;20;38,4;15,5;4000;62,1;611000;0,654664484451719
Solomon Islands;2013;SLB2013;10;70;3,69568660577583;0,527955229396547;100;40;Yes;1820;29,2;18941;31;30;20;38,4;15,5;4000;62,1;611000;0,654664484451719
Guya;2013;GUY2013;31;56;3,78839128670004;2,09714517656609;250;96;Yes;3890;83,6;14782;19;85;4;27,9;3,5;1000;59;778000;0,12853470437018
Vanuatu;2000;VUT2000;5;31;3,50996376811594;0,566123188405797;52;40;No;1430;57,9;8832;32;53;15;28,5;3,1;200;61,9;276000;0,072463768115942
Tuvalu;2013;TUV2013;0;1;3,8586201574317;0;704;50;No;5590;83,3;259,16;23,56;92;361;50,8;22,7;70;66,9;11000;0,636363636363636
Tuvalu;2012;TUV2012;0;1;3,8933229511388;0;559;50;No;4420;83,3;256,85;23,35;91;358;50,8;22,7;70;66,9;11000;0,636363636363636
Indonesia;2012;IDN2012;4225;26879;4,84846976204636;0,762111118145983;108;5;No;3570;58,8;5543811;21;64;137;72;4;48000;62,1;263991000;0,01818243803766
Indonesia;2013;IDN2013;4031;25431;4,81664147641397;0,76347299718551;107;10;No;3730;59,7;5279820;20;65;139;73;4;48000;62,1;263991000;0,01818243803766
Philippines;2012;PHL2012;2047;13735;5,45465665249687;0,812936451959308;115;15;Yes;2980;71,8;2518032;24;73;325;46;9;10000;61,1;104918000;0,009531252978517
Philippines;2013;PHL2013;2032;13180;5,28045036808946;0,814102818509695;122;20;Yes;3300;72,5;2495999,22;23,79;74;330;45;9;10000;61,1;104918000;0,009531252978517
Viet m;2000;VNM2000;1960;7919;4,69765135228767;1,16269688729433;20;5;No;420;73,1;1685736;18;53;250;51;2;26000;62,1;93652000;0,02776235424764
Iran (Islamic Republic of);2000;IRN2000;1262;7059;4,57753306050138;0,818366159845976;229;5;No;1720;89,6;1542097;19;87;41;30;6;5400;61,8;81163000;0,006653277971489
Iraq;2000;IRQ2000;1316;6328;4,59249582698309;0,955076565788519;7;5;No;6140;84,8;1377900;36;75;54;33,1;2,9;4000;60,7;38275000;0,010450685826257
Iraq;2012;IRQ2012;1352;6289;4,6719052574163;1,00435934298407;282;5;No;6140;84,8;1346131,75;35,17;85;75;33,1;2,9;4000;60;38275000;0,010450685826257
Iraq;2013;IRQ2013;1341;6148;4,60117562731525;1,00360711064245;305;10;No;6850;85,6;1336180,25;34,91;86;78;33,1;2,9;4000;60;38275000;0,010450685826257
Algeria;2000;DZA2000;697;3923;4,74732562079481;0,843458057021153;60;5;No;1590;87;826360;20;84;13;21,7;0,9;1000;62,5;41318000;0,002420252674379
Peru;2000;PER2000;557;3632;4,70490698999948;0,721539976164568;95;80;Yes;2010;73,7;771960;24;63;20;17,9;4,5;2700;59,9;32165000;0,008394217316959
Guatemala;2012;GTM2012;383;2430;5,13099883443977;0,808712985016639;215;20;Yes;3090;62,9;473592;28;66;143;11,7;2,1;2900;62,2;16914000;0,017145559891214
Guatemala;2013;GTM2013;369;2258;4,94440283963756;0,808009144298609;222;24;Yes;3310;63,6;456678;27;66;146;11,7;2,1;2900;62,2;16914000;0,017145559891214
Dominican Republic;2000;DOM2000;287;1223;4,5435125847497;1,06622086003529;173;20;Yes;2630;82,9;269175;25;79;93;22;15;8300;63,2;10767000;0,077087396675026
Azerbaijan;2012;AZE2012;164;853;4,59792667465869;0,884009348937895;402;30;Yes;6480;84,7;185518,4;18,8;85;112;49;1;1000;64,7;9868000;0,010133765707337
Kyrgyzstan;2012;KGZ2012;80;865;5,07704190995382;0,46955300901307;84;15;Yes;1040;93;170374,8;27,6;96;29;50;4;1000;63,9;6173000;0,016199578810951
Kyrgyzstan;2013;KGZ2013;81;852;5,07427983343021;0,482413927826112;87;40;Yes;1190;93,1;167905,6;27,2;96;30;50;4;1000;63,9;6173000;0,016199578810951
Armenia;2000;ARM2000;71;257;4,61649003053709;1,27537273217173;39;20;Yes;660;89,5;55670;19;90;108;67;3;1000;66,9;2930000;0,034129692832765
Cabo Verde;2000;CPV2000;10;73;4,61033219653909;0,631552355690287;59;15;No;1380;68,1;15834;29;37;108;14;6;200;61,1;546000;0,036630036630037
Vanuatu;2012;VUT2012;7;34;4,56253354804079;0,939345142243693;116;45;No;2950;57,9;7452;27;53;20;28,5;3,1;200;64,6;276000;0,072463768115942
Vanuatu;2013;VUT2013;7;34;4,56253354804079;0,939345142243693;123;45;No;3200;57,9;7452;27;53;21;28,5;3,1;200;64,6;276000;0,072463768115942
Sao Tome and Principe;2013;STP2013;7;34;4,76190476190476;0,980392156862745;110;97;Yes;1480;34,5;7140;35;38;195;6,9;1,2;2000;59;204000;0,980392156862745
Micronesia (Federated States of);2013;FSM2013;3;13;5,11006289308176;1,17924528301887;407;61;Yes;3180;57;2544;24;68;148;39,4;11,5;700;62,5;106000;0,660377358490566
Chi;2000;CHN2000;52387;122096;6,30149030741235;2,70374273304949;43;15;No;940;73,1;19375734;14;61;134;56;4;7000;64,6;1383981000;0,000505787290432
Philippines;2000;PHL2000;2575;18581;5,90334038646054;0,818099213989338;33;10;Yes;1220;71,8;3147540;30;67;262;59;13;500;58,8;104918000;0,000476562648926
Egypt;2000;EGY2000;2964;14424;5,91432349594579;1,21533935399219;80;20;No;1290;94,7;2438825;25;92;70;36;1;500;59,9;97553000;0,0005125419003
Kenya;2012;KEN2012;2350;10925;6,10608093002459;1,3134361725911;42;82;Yes;1060;29,6;1789200;36;30;77;26;2;62000;55,6;49700000;0,124748490945674
Kenya;2013;KEN2013;2310;10821;6,22075308996838;1,32796780684105;45;75;Yes;1150;29,9;1739500;35;30;79;26;2;62000;55,6;49700000;0,124748490945674
South Africa;2013;ZAF2013;758;7694;6,46870446831604;0,637285935402074;593;69;Yes;7400;65,3;1189419;21;71;44;32;7;270000;54,4;56639000;0,476703331626618
Gha;2013;GHA2013;1579;5852;6,15014681741463;1,65944665493809;100;89;Yes;1730;14,7;951522;33;14;116;12;1;20000;55,3;28834000;0,069362558091142
Nepal;2013;NPL2013;858;3642;5,91805396446243;1,39420381699856;39;1;Yes;720;42,6;615405;21;43;195;37;13;1000;61,2;29305000;0,003412386964682
Rwanda;2012;RWA2012;456;2669;6,43020969855832;1,09860457944646;70;99;Yes;650;59,1;415072;34;59;437;16,3;6;7500;56,6;12208000;0,061435124508519
Rwanda;2013;RWA2013;429;2451;6,08393899678303;1,064875491481;71;99;Yes;680;60;402864;33;60;449;16,3;6;7500;56,6;12208000;0,061435124508519
Cambodia;2012;KHM2012;407;2338;5,84317400812246;1,01718213058419;69;25;Yes;880;37,2;400125;25;41;84;45;4;1000;58,1;16005000;0,006248047485161
Cambodia;2013;KHM2013;381;2193;5,70915338956576;0,991877538269291;76;35;Yes;960;39;384120;24;44;85;45;3;1000;58,1;16005000;0,006248047485161
Tajikistan;2013;TJK2013;262;1611;5,82532697404819;0,94738402681603;70;12;No;1310;94,7;276551;31;95;58;30;2,6;1300;62,1;8921000;0,014572357359041
Tajikistan;2012;TJK2012;272;1615;5,83979085232019;0,983543722496031;61;10;No;1140;94,4;276551;31;95;57;30;2,6;1300;62,1;8921000;0,014572357359041
Bolivia (Pluritiol State of);2012;BOL2012;332;1671;6,04777415852334;1,20159247195078;149;35;Yes;2280;48,4;276300;25;50;9;34;19;1100;62,5;11052000;0,009952949692363
Bolivia (Pluritiol State of);2013;BOL2013;321;1592;6,00193026903125;1,21018820123055;174;45;Yes;2620;49,3;265248;24;51;10;33;18;1100;62,5;11052000;0,009952949692363
Nicaragua;2000;NIC2000;186;1020;6,07555126693113;1,10789464279332;54;90;Yes;970;66,8;167886;27;60;42;17,2;5,7;1100;54,6;6218000;0,017690575747829
El Salvador;2000;SLV2000;105;888;5,56914393226717;0,658513640639699;176;80;Yes;2140;72,6;159450;25;82;283;18,2;2,6;2100;58,6;6378000;0,032925682031985
Gabon;2000;GAB2000;77;418;6,25514403292181;1,1522633744856;118;15;Yes;3090;41,4;66825;33;39;5;19,1;2,9;6100;52,1;2025000;0,301234567901235
Albania;2000;ALB2000;60;265;5,75286557832581;1,30253560263981;70;90;Yes;1170;92,1;46064;16;88;113;57;12;100;64,1;2879000;0,003473428273706
Bhutan;2012;BTN2012;16;89;5,79729025534132;1,04220948410631;90;20;No;2290;49,4;15352;19;61;20;16,7;3,5;40000;61,2;808000;4,95049504950495
Bhutan;2013;BTN2013;16;80;5,5005500550055;1,1001100110011;90;30;No;2300;49,7;14544;18;62;20;16,7;3,5;40000;61,2;808000;4,95049504950495
Maldives;2000;MDV2000;15;54;5,55041628122109;1,54178230033919;162;40;No;8260;98;9729;23;78;953;34,5;7,7;700;61,7;423000;0,16548463356974
Sao Tome and Principe;2012;STP2012;7;43;6,0258523077613;0,980952701263467;109;95;Yes;1270;34,4;7135,92;34,98;36;191;6,9;1,2;2000;59;204000;0,980392156862745
Micronesia (Federated States of);2012;FSM2012;3;14;5,50314465408805;1,17924528301887;404;60;Yes;3070;57;2544;24;68;148;39,4;11,5;700;62,5;106000;0,660377358490566
Marshall Islands;2013;MHL2013;1;9;6,24076886272389;0,693418762524876;630;38;Yes;4300;76,7;1442,13;27,21;87;293;28,4;4,9;300;67;53000;0,566037735849057
Indonesia;2000;IDN2000;6514;43285;7,4529055914785;1,1215947100125;15;5;No;580;58,8;5807802;22;44;117;56;6;23000;59,4;263991000;0,008712418226379
Bangladesh;2012;BGD2012;4922;23203;6,70981212063376;1,42333729508078;26;25;Yes;940;57,7;3458070;21;43;1196;44;1;1500;62,4;164670000;0,00091091273456
Bangladesh;2013;BGD2013;4547;21453;6,51393696483877;1,38064006801482;32;40;Yes;1010;58,7;3293400;20;44;1211;42;1;1500;62,4;164670000;0,00091091273456
South Africa;2012;ZAF2012;861;8071;6,75350638855263;0,720452112568927;651;70;Yes;7620;64,7;1195082,9;21,1;71;43;32;7;270000;54,4;56639000;0,476703331626618
Gha;2012;GHA2012;1624;6486;6,81644775422954;1,70673930818205;86;43;Yes;1560;14,4;951522;33;14;113;12;1;20000;55,3;28834000;0,069362558091142
Morocco;2000;MAR2000;1045;5386;6,84997710739177;1,32904308897594;54;65;Yes;1390;75,6;786280;22;69;65;33;4;1400;60,1;35740000;0,003917179630666
Malawi;2012;MWI2012;1074;5501;7,38508216088497;1,44184298141983;32;89;Yes;440;39,7;744880;40;42;171;27;7;36000;51,2;18622000;0,193319729352379
Malawi;2013;MWI2013;1040;5417;7,4587818653977;1,43199799520281;26;99;Yes;390;40,1;726258;39;42;176;26;7;36000;51,2;18622000;0,193319729352379
Nepal;2012;NPL2012;926;4039;6,56315759540465;1,50470015680731;36;1;Yes;690;41,1;615405;21;41;193;39;14;1000;61,2;29305000;0,003412386964682
Kazakhstan;2000;KAZ2000;269;1809;6,70148921982663;0,996517744684004;52;30;Yes;1260;97,5;269940;15;97;6;57;12;1000;57,7;17996000;0,005556790397866
Papua New Guinea;2013;PNG2013;371;1781;7,44319392842665;1,55049126751616;94;5;Yes;2700;18,9;239279;29;19;17;51,2;21,5;2800;56,4;8251000;0,033935280572052
mibia;2000;M2000;94;594;7,32537490134175;1,15923441199684;126;50;Yes;2110;33,1;81088;32;28;2;29;15;20000;50,2;2534000;0,789265982636148
Gabon;2013;GAB2013;84;414;6,59498207885305;1,33811230585424;441;25;Yes;9330;41,6;62775;31;41;7;19,1;2,9;1700;57,2;2025000;0,083950617283951
Gabon;2012;GAB2012;85;420;6,69056152927121;1,35404221425727;399;20;Yes;9040;41,4;62775;31;41;7;19,1;2,9;1700;57,2;2025000;0,083950617283951
Marshall Islands;2000;MHL2000;2;16;6,68334718735511;0,835418398419388;466;22;Yes;2850;76,2;2394,01;45,17;87;290;28,4;4,9;300;65,24;53000;0,566037735849057
Marshall Islands;2012;MHL2012;2;10;6,705019377506;1,3410038755012;589;46;Yes;3980;76,2;1491,42;28,14;87;293;28,4;4,9;300;67;53000;0,566037735849057
India;2012;IND2012;41811;224417;7,97990099129602;1,48673068594214;58;5;No;1480;37,5;28122780;21;40;425;23;2;80000;59,6;1339180000;0,005973804865664
India;2013;IND2013;38845;203491;7,59759703699279;1,450327812542;61;10;No;1520;38,5;26783600;20;41;430;22;2;80000;59,6;1339180000;0,005973804865664
United Republic of Tanzania;2013;TZA2013;3342;18682;8,14953760251265;1,45786075728494;49;80;Yes;840;14,5;2292400;40;21;57;29;4;55000;54,2;57310000;0,095969289827255
South Africa;2000;ZAF2000;1666;11136;8,19223503239817;1,22559838038572;246;60;Yes;3070;64,7;1359336;24;59;37;35;13;540000;50;56639000;0,953406663253235
Yemen;2012;YEM2012;1635;7779;8,34432823813355;1,7538213998391;76;67;Yes;1060;53,3;932250;33;56;47;26,2;6,8;1100;57,7;28250000;0,003893805309735
Madagascar;2013;MDG2013;1169;6920;7,73197316156137;1,30616714246607;20;76;Yes;440;11,7;894985;35;9;39;26,6;1,6;4300;56,9;25571000;0,016815924289234
Senegal;2013;SEN2013;807;4967;8,03475959617528;1,30542601049194;46;80;Yes;1050;46,6;618189;39;47;73;22;1;1100;58,3;15851000;0,006939625260236
Senegal;2012;SEN2012;827;5170;8,3631381341305;1,33777857580772;44;78;Yes;1040;46,1;618189;39;46;71;22;1;1100;58,3;15851000;0,006939625260236
Guatemala;2000;GTM2000;628;4691;7,92412033987061;1,06082873021504;94;15;Yes;1660;62,9;591990;35;59;109;11,7;2,1;3200;57,2;16914000;0,01891923850065
Papua New Guinea;2000;PNG2000;382;2312;8,24142528178403;1,3616887792567;26;2;Yes;600;18,9;280534;34;19;12;51,2;21,5;4500;52,7;8251000;0,054538843776512
Romania;2000;ROU2000;317;1565;7,99040130705606;1,61850301235576;73;5;No;1720;78,3;195860;10;82;98;53;27;1000;63;19586000;0,005105687736138
Gambia;2013;GMB2013;154;754;8,34597035741563;1,70461463533423;29;98;Yes;510;58,8;90343;43;43;184;24,9;0,8;1300;53,8;2101000;0,061875297477392
Gambia;2012;GMB2012;155;753;8,36407844905771;1,72168945498532;31;96;Yes;510;58,7;90027,85;42,85;44;178;24,9;0,8;1300;53,8;2101000;0,061875297477392
mibia;2012;M2012;82;585;7,69534333070245;1,07866350960274;472;60;Yes;5510;33,1;76020;30;33;3;36;12;9600;57,5;2534000;0,378847671665351
mibia;2013;M2013;82;580;7,62957116548277;1,07866350960274;423;70;Yes;5800;33,6;76020;30;100;3;37;12;9600;57,5;2534000;0,378847671665351
Georgia;2000;GEO2000;142;364;8,16509645580978;3,18528488111261;45;2;Yes;750;88,1;44580;12;96;77;63;7;500;64,1;3715000;0,013458950201884
Djibouti;2013;DJI2013;46;202;8,44305120167189;1,9226750261233;137;82;Yes;1400;47,3;23925;25;51;39;38,9;7,4;500;55,8;957000;0,052246603970742
Tuvalu;2000;TUV2000;1;2;8,34794223223975;4,17397111611988;161;10;No;4420;83,3;239,58;21,78;91;315;50,8;22,7;70;66,9;11000;0,636363636363636
Uganda;2012;UGA2012;2678;16960;8,99271039018607;1,41995745429943;57;45;Yes;610;18,5;1885972;44;18;181;18;3;52000;54;42863000;0,121316753377038
Uganda;2013;UGA2013;2646;16419;8,90831741367439;1,43561775239554;59;45;Yes;620;18,8;1843109;43;19;187;17;3;52000;54;42863000;0,121316753377038
Gha;2000;GHA2000;1767;8631;8,55240341263786;1,75090914495784;12;39;Yes;340;14,4;1009190;35;11;83;9;1;30000;50,2;28834000;0,104043837136714
Yemen;2013;YEM2013;1650;7940;8,51702869401984;1,76991150442478;74;73;Yes;1240;53,3;932250;33;57;48;26,2;6,8;1100;57,7;28250000;0,003893805309735
Madagascar;2012;MDG2012;1193;8330;9,3074185600876;1,33298323435588;15;70;Yes;430;11,6;894985;35;9;38;26,6;1,6;4300;56,9;25571000;0,016815924289234
Burundi;2013;BDI2013;754;4474;9,35951934663275;1,57735305931182;21;96;Yes;280;47,8;478016;44;50;374;24,6;9,8;2200;52,2;10864000;0,020250368188513
Papua New Guinea;2012;PNG2012;377;2106;8,80144099565779;1,57556659798812;97;4;Yes;2380;18,9;239279;29;19;16;51,2;21,5;2800;56,4;8251000;0,033935280572052
Sao Tome and Principe;2000;STP2000;9;72;8,82352941176471;1,10294117647059;46;91;Yes;1270;34,4;8160;40;21;144;6,9;1,2;2000;54,8;204000;0,980392156862745
Kiribati;2013;KIR2013;5;31;9,21521997621879;1,48632580261593;166;40;Yes;2840;39,7;3364;29;40;134;66;42;400;58,7;116000;0,344827586206897
United Republic of Tanzania;2012;TZA2012;3364;22328;9,74001046937707;1,46745768626767;42;78;Yes;770;14;2292400;40;20;55;29;4;55000;54,2;57310000;0,095969289827255
Mozambique;2013;MOZ2013;2161;11591;9,76692844383026;1,82092419697327;40;45;Yes;590;20,3;1186760;40;22;34;33;6;83000;49,6;29669000;0,279753277832081
Cote d'Ivoire;2000;CIV2000;2153;10322;10,3624654274944;2,16144042485907;40;1;Yes;640;21,6;996095;41;22;52;18,7;1,8;62000;41,9;24295000;0,255196542498456
Burki Faso;2000;BFA2000;1568;8883;10,0614127886299;1,77600982242167;12;75;Yes;250;18,6;882878;46;10;42;24;9;7700;43,4;19193000;0,040118793310061
Burki Faso;2012;BFA2012;1279;8014;10,1840991316702;1,62533850628977;40;80;Yes;650;18,6;786913;41;20;61;33;5;3400;52,6;19193000;0,017714791851196
Zambia;2013;ZMB2013;1041;7056;10,3194103194103;1,52246402246402;93;70;Yes;1730;43,5;683760;40;30;20;27;5;59000;53,7;17094000;0,345150345150345
Uzbekistan;2000;UZB2000;963;6710;9,90402980360206;1,42139801801323;29;75;Yes;630;100;677502;21;89;58;30;2;7700;60;32262000;0,023867088215238
Burundi;2012;BDI2012;763;4648;9,72352389878163;1,5961808809747;21;96;Yes;260;47,5;478016;44;49;363;24,6;9,8;2200;52,2;10864000;0,020250368188513
Togo;2000;TGO2000;510;3043;10,005852914291;1,67695858898731;14;25;Yes;290;11,5;304122;39;11;91;13,8;1,5;14000;47,7;7798000;0,179533213644524
Eritrea;2012;ERI2012;227;1549;9,61729498832762;1,40937763870263;15;85;Yes;210;15,3;161064;36;11;;11,3;0,6;1000;55,7;4474000;0,022351363433169
Eritrea;2013;ERI2013;222;1495;9,60209434844491;1,42586283970219;17;90;Yes;210;15,4;155695,2;34,8;11;;11,3;0,6;1000;55,7;4474000;0,022351363433169
Turkmenistan;2012;TKM2012;198;1275;10,0650478385803;1,56304272316777;128;1;No;5560;11,5;126676;22;96;11;36,8;3,1;10000;59,8;5758000;0,173671413685307
Turkmenistan;2013;TKM2013;198;1251;10,3458542152533;1,6374733290329;158;1;No;6530;11,6;120918;21;96;11;36,8;3,1;10000;59,8;5758000;0,173671413685307
Equatorial Guinea;2012;GNQ2012;93;467;10,2304591657904;2,03732912723449;769;8;No;13760;74,9;45648;36;75;37;16,4;1,5;2300;51,3;1268000;0,181388012618297
Swaziland;2012;SWZ2012;50;418;10,055214675225;1,20277687502691;265;57;Yes;3930;57,5;41570,47;30,41;56;73;18;2;8800;50,9;1367000;0,643745427944404
Swaziland;2013;SWZ2013;48;394;9,60741282613997;1,17044623262619;256;59;Yes;4010;57,5;41010;30;57;74;18;2;8800;50,9;1367000;0,643745427944404
Djibouti;2012;DJI2012;47;239;9,60533719154409;1,88891568201913;139;80;Yes;1400;47,3;24882;26;51;38;38,9;7,4;500;55,8;957000;0,052246603970742
Kiribati;2012;KIR2012;5;34;10,1070154577883;1,48632580261593;177;35;Yes;2450;39,7;3364;29;40;132;67;43;400;58,7;116000;0,344827586206897
Micronesia (Federated States of);2000;FSM2000;5;31;9,74842767295598;1,57232704402516;170;49;Yes;2060;57;3180;30;68;153;39,4;11,5;700;60,2;106000;0,660377358490566
Pakistan;2013;PAK2013;16621;65905;11,1505326132565;2,81212355003316;37;66;Yes;1360;60;5910480;30;55;236;41;4;19000;57,8;197016000;0,009643886790921
Ethiopia;2013;ETH2013;8504;38434;11,0966078171696;2,45526234264479;25;63;Yes;470;25,5;3463581;33;7;95;9;1;30000;56,1;104957000;0,028583134045371
Kenya;2000;KEN2000;3060;21515;10,8224346076459;1,53923541247485;19;60;Yes;420;29,6;1988000;40;31;55;31;3;120000;45,5;49700000;0,241448692152917
Sudan;2013;SDN2013;2527;15058;11,2575686552446;1,8892200818039;115;30;Yes;1220;23,6;1337589;33;32;21;8,3;1;5000;55,9;40533000;0,012335627760097
Mozambique;2012;MOZ2012;2186;12850;10,8278000606694;1,84198995584617;33;40;Yes;520;19,8;1186760;40;21;33;33;6;83000;49,6;29669000;0,279753277832081
Myanmar;2012;MMR2012;1662;11354;11,1966975954811;1,63897405352207;20;1;No;1140;79,4;1014049;19;66;78;35;8;11000;59,1;53371000;0,020610443874014
Myanmar;2013;MMR2013;1604;10443;10,8704477462792;1,66965414009689;14;1;No;1230;79,5;960678;18;65;79;34;7;11000;59,1;53371000;0,020610443874014
Burki Faso;2013;BFA2013;1259;8540;10,8525338887526;1,5999227360585;46;85;Yes;690;19;786913;41;21;62;34;5;3400;52,6;19193000;0,017714791851196
Zambia;2012;ZMB2012;1056;7369;10,5143153923642;1,50673321405029;84;65;Yes;1670;43,2;700854;41;30;20;27;5;59000;53,7;17094000;0,345150345150345
Togo;2012;TGO2012;506;3142;10,8898331519516;1,75374143058165;48;30;Yes;470;11,5;288526;37;13;126;13,8;1,5;4100;52,8;7798000;0,052577583995896
Togo;2013;TGO2013;504;3088;10,9755813219491;1,7913513556549;54;30;Yes;490;11,6;281351,84;36,08;14;129;13,8;1,5;4100;52,8;7798000;0,052577583995896
Gambia;2000;GMB2000;156;1050;11,1058226241472;1,65000793273045;23;90;Yes;680;58,7;94545;45;55;122;24,9;0,8;2000;49;2101000;0,095192765349833
Mongolia;2000;MNG2000;66;620;10,6084456916022;1,12928615426733;22;5;No;470;57,9;58444;19;48;2;57;9;100;56,7;3076000;0,003250975292588
Equatorial Guinea;2000;GNQ2000;79;551;10,5985996768485;1,5195814418712;55;5;No;760;74,9;51988;41;80;22;16,4;1,5;1700;46,1;1268000;0,134069400630915
Timor-Leste;2012;TLS2012;75;569;11,2575182019626;1,48385565052232;68;1;No;4090;39,8;50544;39;41;78;61;21;5000;61,1;1296000;0,385802469135802
Timor-Leste;2013;TLS2013;73;525;10,6603313840156;1,48229369720598;59;1;No;3570;40,1;49248;38;42;80;61;21;5000;61,1;1296000;0,385802469135802
Equatorial Guinea;2013;GNQ2013;93;485;10,9283461018477;2,09553853086976;714;10;No;13630;74,5;44380;35;75;39;16,4;1,5;2300;51,3;1268000;0,181388012618297
Republic of Moldova;2000;MDA2000;222;418;10,7223476297968;5,69464395649497;23;1;Yes;370;75,8;38984;11;72;127;41;6;1000;60,4;3544000;0,028216704288939
Kiribati;2000;KIR2000;5;38;10,567296996663;1,39043381535039;65;30;Yes;1330;39,7;3596;31;30;104;82;51;400;56,8;116000;0,344827586206897
Ethiopia;2012;ETH2012;8876;41718;12,0447594556039;2,56266563420922;22;38;Yes;410;24,3;3463581;33;6;92;9;1;30000;56,1;104957000;0,028583134045371
Uganda;2000;UGA2000;2665;25550;12,1650041161041;1,26887420623943;19;40;Yes;270;18,5;2100287;49;15;120;28;5;95000;40;42863000;0,221636376361897
Sudan;2012;SDN2012;2546;16136;11,7086876198189;1,84744166336507;113;25;Yes;1720;23,5;1378122;34;31;20;8,3;1;5000;55,9;40533000;0,012335627760097
Mozambique;2000;MOZ2000;2544;16589;12,4252399624;1,90546810924983;15;30;Yes;280;19,8;1335105;45;12;23;43;8;160000;42,3;29669000;0,53928342714618
Afghanistan;2013;AFG2013;3408;15407;12,3895299746693;2,74054119255358;55;30;Yes;670;31,1;1243550;35;37;49;22,9;2,8;1000;52,3;35530000;0,002814522938362
Bolivia (Pluritiol State of);2000;BOL2000;540;3942;11,5057265945151;1,57612693075549;60;30;Yes;990;48,4;342612;31;38;8;51;26;1900;55,7;11052000;0,017191458559537
Comoros;2012;COM2012;59;347;12,1797121797122;2,07090207090207;54;20;No;810;34,2;28490;35;33;389;24;7;100;55,9;814000;0,012285012285012
Comoros;2013;COM2013;58;338;12,2127475068652;2,0956785662668;51;20;No;830;35;27676;34;34;398;24;7;100;55,9;814000;0,012285012285012
Bhutan;2000;BTN2000;36;280;12,3762376237624;1,59123055162659;52;10;No;770;49,4;22624;28;53;14;16,7;3,5;40000;52,9;808000;4,95049504950495
Pakistan;2012;PAK2012;16869;74582;12,6186028884287;2,85408291712348;34;65;Yes;1260;58,3;5910480;30;53;231;41;4;19000;57,8;197016000;0,009643886790921
United Republic of Tanzania;2000;TZA2000;3725;32435;13,4751684655715;1,54755672989838;10;70;Yes;300;14;2407020;42;7;39;38;5;130000;43;57310000;0,226836503228058
Afghanistan;2012;AFG2012;3535;16191;12,6583169152829;2,76370516308597;58;15;Yes;670;30,5;1279080;36;36;47;22,9;2,8;500;52,3;35530000;0,001407261469181
Nepal;2000;NPL2000;2539;11840;12,6258317693226;2,70751578228971;12;1;Yes;230;41,1;937760;32;19;166;46;24;5300;55,1;29305000;0,018085650912814
Cameroon;2012;CMR2012;1665;11664;12,7607619697785;1,82155938611808;61;84;Yes;1390;45,2;914052;38;39;45;34;1;32000;50,3;24054000;0,133034006817993
Cameroon;2013;CMR2013;1646;11208;12,593286726487;1,84944235829743;67;88;Yes;1450;45,4;889998;37;39;46;39;1;32000;50,3;24054000;0,133034006817993
Malawi;2000;MWI2000;1418;10280;12,5462551625155;1,73060212261157;9;85;Yes;150;39,7;819368;44;34;121;33;10;36000;37,4;18622000;0,193319729352379
Lao People's Democratic Republic;2012;LAO2012;381;2536;13,4811195750853;2,02535747559444;27;68;Yes;1350;64,6;188114,94;27,43;64;28;60;11;1000;57,9;6858000;0,014581510644503
Lao People's Democratic Republic;2013;LAO2013;367;2419;13,0639534255749;1,98200533575278;32;70;Yes;1590;67,6;185166;27;67;28;59;10;1000;57,9;6858000;0,014581510644503
Liberia;2013;LBR2013;280;2279;13,3781816474124;1,64365548980934;44;40;Yes;370;16,4;170352;36;16;45;26;3;2900;52,7;4732000;0,061284868977177
Liberia;2012;LBR2012;283;2277;13,3664412510566;1,66126608434301;39;30;Yes;340;16,1;170352;36;16;43;25;3;2900;52,7;4732000;0,061284868977177
Mauritania;2000;MRT2000;302;2174;12,9435579899976;1,79804715408431;25;1;Yes;520;38,2;167960;38;23;3;24;6;500;52;4420000;0,01131221719457
Turkmenistan;2000;TKM2000;195;1805;13,0615375709158;1,41108023619312;44;1;No;600;11,5;138192;24;95;10;36,8;3,1;10000;57,3;5758000;0,173671413685307
Lesotho;2013;LSO2013;164;845;13,0487823710178;2,53254474419754;123;25;Yes;1490;29,8;64757;29;39;70;51;1;21000;46,6;2233000;0,940438871473354
Lesotho;2012;LSO2012;165;847;13,0796670630202;2,54798709019874;138;18;Yes;1550;29,3;64757;29;37;69;50;1;21000;46,6;2233000;0,940438871473354
Djibouti;2000;DJI2000;69;398;13,4155796002292;2,32581656385883;44;70;Yes;770;47,3;29667;31;51;31;38,9;7,4;1700;50,3;957000;0,177638453500522
India;2000;IND2000;86530;487137;13,9906797156009;2,48516026454765;20;5;No;440;37,5;34818680;26;22;354;36;7;250000;54,2;1339180000;0,0186681402052
Bangladesh;2000;BGD2000;12217;63609;13,7957733649116;2,64967163764759;9;20;Yes;420;57,7;4610760;28;25;1011;64;6;500;56,3;164670000;0,000303637578187
Yemen;2000;YEM2000;2005;15100;13,7054685727252;1,81983208531881;26;60;Yes;370;53,3;1101750;39;41;34;26,2;6,8;500;53;28250000;0,001769911504425
Niger;2013;NER2013;1940;15452;14,3893467430274;1,80658378730735;27;5;Yes;400;10,5;1073850;50;12;15;17;1;1800;54,2;21477000;0,008381058807096
Cote d'Ivoire;2012;CIV2012;2010;13224;14,3239349660424;2,17718612233403;80;1;Yes;1240;21,6;923210;38;28;67;18,7;1,8;20000;47;24295000;0,082321465322083
Guinea;2012;GIN2012;832;6590;13,6369468138381;1,72169040198988;22;5;No;630;18,9;483246;38;19;46;12,5;2;8300;51,7;12717000;0,06526696547928
Guinea;2013;GIN2013;813;6736;14,3158020015769;1,7278424921737;25;10;No;650;19,4;470529;37;20;47;12,5;2;8300;51,7;12717000;0,06526696547928
Benin;2000;BEN2000;770;6742;14,3632614105055;1,64041994750656;15;60;Yes;390;18,4;469392;42;10;61;12;2;6200;48,1;11176000;0,055476020042949
Benin;2012;BEN2012;831;5665;13,6997233453926;2,00961519859158;37;67;Yes;820;18,4;413512;37;13;86;16;1;3600;52,5;11176000;0,032211882605583
Benin;2013;BEN2013;838;5717;14,0379415825192;2,0576867318788;37;70;Yes;890;19;407253,44;36,44;13;89;16;1;3600;52,5;11176000;0,032211882605583
Tajikistan;2000;TJK2000;360;3750;14,0118820760004;1,34514067929604;7;1;No;170;94,4;267630;30;90;44;30;2,6;1000;56,6;8921000;0,0112095056608
Mauritania;2013;MRT2013;329;2159;14,3665158371041;2,18924673941975;48;20;Yes;1410;39,5;150280;34;42;4;40;4;500;55,1;4420000;0,01131221719457
Azerbaijan;2000;AZE2000;281;2063;13,9373057694906;1,89839210917444;30;20;Yes;610;84,7;148020;15;66;97;59;1;500;59,3;9868000;0,005066882853668
Kyrgyzstan;2000;KGZ2000;211;1784;14,4500242993682;1,70905556455532;13;10;Yes;280;93;123460;20;92;26;51;5;500;59,7;6173000;0,008099789405475
Lesotho;2000;LSO2000;194;987;13,8126959247649;2,71495745633677;29;10;Yes;630;29,3;71456;32;7;62;35;1;26000;43,1;2233000;1,16435288849082
Comoros;2000;COM2000;57;414;13,7459326648516;1,89255594661;13;15;No;420;34,2;30118;37;27;291;31;14;100;52,1;814000;0,012285012285012
Pakistan;2000;PAK2000;19934;95237;15,1061652353108;3,16186248832582;15;60;Yes;490;58,3;6304512;32;32;180;37;8;200;54,2;197016000;0,000101514597799
Sudan;2000;SDN2000;3398;24034;14,8237238793082;2,09582315644043;15;20;Yes;330;23,5;1621320;40;21;15;8,3;1;2600;50,9;40533000;0,00641452643525
Angola;2013;AGO2013;2770;21206;15,4781090518399;2,02180336101087;267;9;Yes;4350;50,6;1370064;46;37;21;16,7;1,6;25000;45,9;29784000;0,083937684662906
Myanmar;2000;MMR2000;2899;20038;15,0178936126361;2,17271551966424;3;1;No;1140;79,4;1334275;25;70;71;57;16;37000;54,7;53371000;0,06932603848532
Niger;2012;NER2012;1943;15731;14,6491595660474;1,80937747357638;24;4;Yes;390;10,1;1073850;50;11;14;16;1;1800;54,2;21477000;0,008381058807096
Madagascar;2000;MDG2000;1569;16120;15,3756494351929;1,49655049403335;12;60;Yes;250;11,6;1048411;41;5;27;26,6;1,6;2300;50,2;25571000;0,008994564154707
Cote d'Ivoire;2013;CIV2013;2011;13830;15,2532940166721;2,21795909381978;87;1;Yes;1340;22;906689,4;37,32;29;69;18,7;1,8;20000;47;24295000;0,082321465322083
Mali;2012;MLI2012;1967;12568;15,0625007490502;2,35741080310167;42;68;Yes;930;23,3;834390;45;29;13;33;3;5900;51,1;18542000;0,031819652680401
Mali;2013;MLI2013;1944;12515;15,3398672301703;2,38279679548151;53;71;Yes;770;23,8;815848;44;30;14;34;3;5900;51,1;18542000;0,031819652680401
Burundi;2000;BDI2000;824;6935;15,1987341328284;1,80587698997125;7;96;Yes;130;47,5;456288;42;41;249;24,6;9,8;11000;43,6;10864000;0,101251840942563
Sierra Leone;2013;SLE2013;655;4305;15,3965001126573;2,34255692770977;96;92;Yes;650;13;279609;37;14;96;56;12;5300;44,4;7557000;0,070133650919677
Sierra Leone;2012;SLE2012;675;4296;15,3643123075438;2,4140853835177;69;92;Yes;530;12,8;279609;37;14;94;55;13;5300;44,4;7557000;0,070133650919677
Eritrea;2000;ERI2000;248;2360;15,0712050577942;1,583753751836;7;80;Yes;210;15,3;156590;35;8;34;11,3;0,6;1700;38,8;4474000;0,037997317836388
Mauritania;2012;MRT2012;330;2197;14,6193771626298;2,19590098482832;44;1;Yes;1310;38,2;150280;34;40;4;39;4;500;55,1;4420000;0,01131221719457
Guinea-Bissau;2013;GNB2013;192;1036;14,6497355694448;2,71500890862298;32;8;Yes;620;20,5;70718;38;20;60;12,5;2;1300;51,5;1861000;0,069854916711446
Guinea-Bissau;2012;GNB2012;195;1059;14,9749710116236;2,75743092282022;31;3;Yes;610;20,2;70718;38;20;58;12,5;2;1300;51,5;1861000;0,069854916711446
Senegal;2000;SEN2000;1019;9650;15,6101127648664;1,64836320283926;22;70;Yes;510;46,1;618189;39;39;51;18;1;5300;50,4;15851000;0,033436376253864
South Sudan;2012;SSD2012;1336;7642;15,9911945895273;2,79563412347663;25;1;No;830;6,6;477888;38;8;21;8,3;1;16000;49,9;12576000;0,127226463104326
Haiti;2012;HTI2012;527;4627;16,2063144031999;1,84584562145804;73;10;Yes;750;26,7;285506;26;29;373;21;3;7900;55,4;10981000;0,071942446043166
Haiti;2013;HTI2013;519;4412;16,0713960477188;1,89053820234951;77;15;Yes;800;27,1;274525;25;29;379;21;3;7900;55,4;10981000;0,071942446043166
Swaziland;2000;SWZ2000;65;704;15,6059497683492;1,44089024849815;75;45;Yes;1580;57,5;45111;33;49;62;16;3;17000;42;1367000;1,24359912216533
Angola;2012;AGO2012;2815;22687;16,5590804517161;2,05464854196592;190;5;Yes;3820;49,1;1370064;46;36;20;16,7;1,6;25000;45,9;29784000;0,083937684662906
Cameroon;2000;CMR2000;1513;16465;16,6951594684318;1,53414978899103;26;80;Yes;680;45,2;986214;41;40;32;12;1;60000;44,7;24054000;0,249438762783737
Zambia;2000;ZMB2000;1332;13068;16,988416988417;1,73160173160173;23;60;Yes;330;43,2;769230;45;26;14;31;6;81000;38,3;17094000;0,473850473850474
Guinea;2000;GIN2000;1287;9495;17,363682746589;2,35356078934808;12;5;No;380;18,9;546831;43;9;36;12,5;2;9400;45,7;12717000;0,073916804277739
South Sudan;2013;SSD2013;1357;7726;16,6039130733787;2,91632281136098;18;1;No;990;6,7;465312;37;9;21;8,3;1;16000;49,9;12576000;0,127226463104326
Nigeria;2000;NGA2000;19631;150595;18,3471249977766;2,39166247771408;17,2;2;Yes;270;29,9;8208098;43;36;134;11;2;340000;41;190886000;0,178116781744078
Ethiopia;2000;ETH2000;12464;84077;18,2059406146413;2,69894077834472;5;25;Yes;120;24,3;4618108;44;3;67;9;1;85000;44,3;104957000;0,080985546461884
Liberia;2000;LBR2000;367;3571;17,5499813245788;1,80365251921603;11;20;Yes;150;16,1;203476;43;13;30;18;4;4500;43,9;4732000;0,095097210481826
Central African Republic;2000;CAF2000;545;3348;17,9652285898261;2,9244473062889;11;15;Yes;250;21,5;186360;40;15;6;15,9;1,5;12000;39,8;4659000;0,25756600128783
Nigeria;2012;NGA2012;19515;149867;19,4094581034245;2,5274114707596;90,5;4;Yes;2480;29,9;7721338,7;40,45;33;184;16;1;220000;47,7;190886000;0,115252035246168
Nigeria;2013;NGA2013;19344;148066;19,391940739499;2,53344928386576;109,4;5;Yes;2700;29,6;7635440;40;33;189;16;1;220000;47,7;190886000;0,115252035246168
Cambodia;2000;KHM2000;897;8359;18,6526531887357;2,0016066407819;17;20;Yes;300;37,2;448140;28;12;69;51;8;8800;45,5;16005000;0,054982817869416
Timor-Leste;2000;TLS2000;116;1055;18,5009820426487;2,03423120089787;18;1;No;4090;39,8;57024;44;41;58;61;21;5000;52,2;1296000;0,385802469135802
Chad;2000;TCD2000;1541;15512;20,4132122647717;2,02789840768522;10;5;No;180;12;759900;51;10;7;14,1;2,3;11000;40,9;14900000;0,073825503355705
Haiti;2000;HTI2000;625;6676;19,6115871696273;1,83601587492766;26;5;Yes;470;26,7;340411;31;17;310;18;4;11000;51,2;10981000;0,100173026136053
Lao People's Democratic Republic;2000;LAO2000;583;4399;20,0450204141149;2,65656897054535;11;60;Yes;280;64,6;219456;32;28;23;74;21;1000;51;6858000;0,014581510644503
Central African Republic;2012;CAF2012;565;3240;20,4537706905041;3,56678408646137;18;23;Yes;500;21,5;158406;34;25;7;15,9;1,5;8700;45,9;4659000;0,186735350933677
Guinea-Bissau;2000;GNB2000;208;1560;20,4453414765206;2,72604553020275;16;1;Yes;200;20,2;76301;41;12;44;12,5;2;4500;45,4;1861000;0,241805480924234
Mali;2000;MLI2000;1968;19730;21,7157297607858;2,1660697500875;16;60;Yes;280;23,3;908558;49;19;9;21;4;11000;43,3;18542000;0,059324776183799
Sierra Leone;2000;SLE2000;753;7550;21,7189936195062;2,16614598615738;21;75;Yes;140;12,8;347622;46;10;63;40;21;5300;34,2;7557000;0,070133650919677
Central African Republic;2013;CAF2013;556;3503;22,1140613360605;3,50996805676553;13;47;Yes;330;21,6;158406;34;25;7;15,9;1,5;8700;45,9;4659000;0,186735350933677
Niger;2000;NER2000;2057;25739;22,6121669429605;1,80711089792415;9;2;Yes;170;10,1;1138281;53;6;9;9;1;7600;43,6;21477000;0,035386692741072
Rwanda;2000;RWA2000;932;11414;23,3740170380079;1,90858453473132;9;90;Yes;240;59,1;488320;40;44;325;16,3;7;22000;40;12208000;0,180209698558322
Chad;2012;TCD2012;1829;17110;24,9635249489349;2,66851473592063;37;5;No;960;12;685400;46;10;10;14,1;2,3;4800;46,1;14900000;0,032214765100671
Chad;2013;TCD2013;1842;17889;26,1000875401226;2,68748176247447;37;5;No;980;12;685400;46;10;10;14,1;2,3;4800;46,1;14900000;0,032214765100671
Angola;2000;AGO2000;3118;33410;22,8927187313281;2,13647102676687;22;3;Yes;360;49,1;1459416;49;20;13;16,7;1,6;15000;39,3;29784000;0,050362610797744
