COUNTRY;YEAR;CODE;NDN;HE;PPV;RVC ;GNI;PBSF ;PB ;BR;PISF ;DD;PMS ;PFS ;HIV;LE ;TP;PPHIV 
United States of America;2000;USA2000;1;4818;90;Yes;36070;100;4557336;14;100;31;28;23;1600;67,2;325524000;0,00049151521854
United States of America;2012;USA2012;1;8845;92;Yes;52540;100;4101602,4;12,6;100;34;21;16;1600;69,1;325524000;0,00049151521854
United States of America;2013;USA2013;1;9146;92;Yes;53660;100;4036497,6;12,4;100;35;21;15;1600;69,1;325524000;0,00049151521854
Congo;2013;COG2013;1;131;85;Yes;2330;14,8;3009580;37;15;31;37;2;200000;56,6;81340000;0,24588148512417
Congo;2012;COG2012;1;125;10;Yes;2060;14,6;3009580;37;15;14;32;2;200000;56,6;81340000;0,24588148512417
Japan;2000;JPN2000;1;2865;80;Yes;36230;100;1139769;9;100;348;51;14;20000;72,7;126641000;0,015792673778634
Japan;2012;JPN2012;1;4787;90;Yes;49480;100;1038456,2;8,2;100;350;36;11;20000;74,9;126641000;0,015792673778634
Japan;2013;JPN2013;1;3966;95;Yes;48280;100;1038456,2;8,2;100;350;35;11;20000;74,9;126641000;0,015792673778634
France;2000;FRA2000;1;2209;85;Yes;25150;98,7;872859;13;99;111;38;28;6200;69,7;67143000;0,009234022906334
France;2012;FRA2012;1;4644;89;Yes;43020;98,7;846001,8;12,6;99;120;31;26;6000;72,6;67143000;0,008936151199678
United Kingdom of Great Britain and Northern Ireland;2012;GBR2012;1;3595;92;Yes;41200;99,2;844966,4;12,8;99;263;22;20;10000;71,4;66013000;0,015148531349886
France;2013;FRA2013;1;4864;89;Yes;43380;98,7;832573,2;12,4;99;121;31;26;6000;72,6;67143000;0,008936151199678
United Kingdom of Great Britain and Northern Ireland;2013;GBR2013;1;3598;93;Yes;42340;99,2;798757,3;12,1;99;265;21;19;10000;71,4;66013000;0,015148531349886
United Kingdom of Great Britain and Northern Ireland;2000;GBR2000;1;1761;85;Yes;28880;99,2;792156;12;99;243;31;29;10000;68,6;66013000;0,015148531349886
Germany;2000;DEU2000;1;2387;80;Yes;26210;99,2;743229;9;99;236;38;30;2400;68,7;82581000;0,002906237512261
Germany;2012;DEU2012;1;4717;86;Yes;46710;99,2;693680,4;8,4;99;231;34;29;2400;71,3;82581000;0,002906237512261
Germany;2013;DEU2013;1;5006;86;Yes;47410;99,2;685422,3;8,3;99;231;33;29;2400;71,3;82581000;0,002906237512261
Republic of Korea;2000;KOR2000;1;504;85;Yes;24640;100;668707;13;100;487;62;6;20000;68,1;51439000;0,038881004685161
Italy;2000;ITA2000;1;1527;80;Yes;21820;99,5;605700;10;99;194;33;20;8200;70;60570000;0,01353805514281
Italy;2012;ITA2012;1;3114;82;Yes;36000;99,5;545130;9;99;202;29;20;3600;72,8;60570000;0,00594353640416
Malaysia;2012;MYS2012;1;418;70;No;10150;95,9;537608;17;99;89;45;2;5700;66,5;31624000;0,018024285352897
Malaysia;2013;MYS2013;1;423;90;No;10760;96;537608;17;99;90;44;2;5700;66,5;31624000;0,018024285352897
Italy;2013;ITA2013;1;3155;87;Yes;35370;99,5;514845;8,5;99;205;29;20;3600;72,8;60570000;0,00594353640416
Republic of Korea;2012;KOR2012;1;1724;93;Yes;24640;100;493814,4;9,6;100;516;52;4;20000;73,2;51439000;0,038881004685161
Spain;2000;ESP2000;1;1045;90;Yes;15790;99,9;464600;10;100;81;45;32;4200;69,2;46460000;0,009040034438226
Spain;2012;ESP2012;1;2626;90;Yes;29760;99,9;450662;9,7;100;94;34;28;3900;72,4;46460000;0,008394317692639
Republic of Korea;2013;KOR2013;1;1880;95;Yes;25870;100;442375,4;8,6;100;517;51;4;20000;73,2;51439000;0,038881004685161
Spain;2013;ESP2013;1;2581;99;Yes;29400;99,9;422786;9,1;100;93;33;27;3900;72,4;46460000;0,008394317692639
Cada;2012;CAN2012;1;5763;73;Yes;50900;99,8;402743;11;99;4;20;14;300;72,3;36613000;0,000819381094147
Cada;2000;CAN2000;1;2100;70;Yes;22610;99,8;402743;11;99;3;29;27;300;69,8;36613000;0,000819381094147
Cada;2013;CAN2013;1;5718;79;Yes;52620;99,8;399081,7;10,9;99;4;20;13;300;72,3;36613000;0,000819381094147
Poland;2012;POL2012;1;859;90;No;13300;95,7;382870,8;10,1;96;124;35;26;20000;68,7;37908000;0,052759312018571
Poland;2000;POL2000;1;247;90;No;4660;95,7;379080;10;87;125;47;38;20000;65,3;37908000;0,052759312018571
Poland;2013;POL2013;1;895;95;No;13520;96,5;367707,6;9,7;96;124;34;25;20000;68,7;37908000;0,052759312018571
Australia;2012;AUS2012;1;6393;91;Yes;59840;100;334910,2;13,7;100;3;18;15;1100;71,9;24446000;0,004499713654586
Australia;2013;AUS2013;1;6110;91;Yes;65640;100;325131,8;13,3;100;3;18;14;1000;71,9;24446000;0,004090648776896
Australia;2000;AUS2000;1;1714;90;Yes;21130;100;317798;13;100;2;27;23;1000;69,3;24446000;0,004090648776896
Chile;2012;CHL2012;1;1106;79;Yes;14410;98,8;252770;14;99;23;42;37;5000;70,5;18055000;0,027693159789532
Chile;2013;CHL2013;1;1204;82;Yes;15360;99;234715;13;99;23;42;37;5000;70,5;18055000;0,027693159789532
Netherlands;2000;NLD2000;1;1932;96;Yes;28460;97,8;221949;13;98;472;37;31;1100;69,2;17073000;0,006442921572073
Israel;2000;ISR2000;1;1490;90;Yes;19270;100;191004;22;100;291;44;23;7000;69,7;8682000;0,080626583736466
Israel;2012;ISR2012;1;2393;93;Yes;32180;100;187531,2;21,6;100;366;42;20;7000;72,8;8682000;0,080626583736466
Israel;2013;ISR2013;1;2599;94;Yes;34310;100;184926,6;21,3;100;372;42;20;7000;72,8;8682000;0,080626583736466
Netherlands;2012;NLD2012;1;5836;96;Yes;52500;97,8;179266,5;10,5;98;497;28;25;500;72,2;17073000;0,002928600714579
Netherlands;2013;NLD2013;1;6145;96;Yes;52330;97,8;174144,6;10,2;98;499;27;25;500;72,2;17073000;0,002928600714579
United Arab Emirates;2000;ARE2000;1;753;90;Yes;40390;97,5;150400;16;100;38;18,1;2,5;4000;65,4;9400000;0,042553191489362
Belgium;2012;BEL2012;1;4742;93;Yes;47190;99,5;131284;11,5;99;368;28;21;300;71,1;11416000;0,002627890679748
Belgium;2013;BEL2013;1;5093;93;Yes;47330;99,5;127859,2;11,2;99;369;28;21;300;71,1;11416000;0,002627890679748
Belgium;2000;BEL2000;1;1845;92;Yes;26040;99,5;125576;11;99;339;36;24;300;68;11416000;0,002627890679748
Portugal;2000;PRT2000;1;1064;80;No;12140;99,5;123432;12;97;112;36;16;210;67,6;10286000;0,002041609955279
Sweden;2012;SWE2012;1;5293;98;Yes;58240;99,3;118654,9;11,9;99;23;22;23;1000;72;9971000;0,010029084344599
Belarus;2013;BLR2013;1;463;5;No;7010;94,4;118500;12,5;94;47;48;11;1800;65,2;9480000;0,018987341772152
Sweden;2013;SWE2013;1;5680;98;Yes;60920;99,3;117657,8;11,8;99;24;21;22;1000;72;9971000;0,010029084344599
Belarus;2012;BLR2012;1;339;5;No;6620;94,4;115656;12,2;94;47;49;11;1800;65,2;9480000;0,018987341772152
Czech Republic;2012;CZE2012;1;1411;60;Yes;19350;99,1;108881,3;10,3;99;136;38;29;500;69,5;10571000;0,004729921483303
Czech Republic;2013;CZE2013;1;1367;70;Yes;19270;99,1;107824,2;10,2;99;136;37;29;500;69,5;10571000;0,004729921483303
Greece;2000;GRC2000;1;918;32;Yes;13330;99;107260;10;97;84;63;42;1000;69,5;10726000;0,009323140033563
United Arab Emirates;2012;ARE2012;1;1235;96;Yes;40390;97,5;103400;11;100;106;18,1;2,5;4000;68,3;9400000;0,042553191489362
United Arab Emirates;2013;ARE2013;1;1569;99;Yes;44200;97,5;103400;11;100;108;18,1;2,5;4000;68,3;9400000;0,042553191489362
Sweden;2000;SWE2000;1;2282;92;Yes;31220;99,3;99710;10;99;22;33;35;500;69,7;9971000;0,0050145421723
Greece;2012;GRC2012;1;2070;32;Yes;23500;99;97606,6;9,1;98;86;54;34;1000;71,9;10726000;0,009323140033563
Kuwait;2000;KWT2000;1;494;90;Yes;17930;100;95151;23;100;115;35;11;100;64;4137000;0,002417210539038
Czech Republic;2000;CZE2000;1;361;50;Yes;6310;99,1;95139;9;99;133;41;30;100;65,8;10571000;0,000945984296661
Switzerland;2000;CHE2000;1;3541;60;Yes;43460;99,9;92851;11;100;182;35;26;4000;69,9;8441000;0,047387750266556
Greece;2013;GRC2013;1;2146;32;Yes;22540;99;92243,6;8,6;98;85;54;34;1000;71,9;10726000;0,009323140033563
Lebanon;2013;LBN2013;1;631;80;No;8450;80,7;90439,34;14,87;92;516;44;29;200;65,7;6082000;0,003288391976324
Hungary;2012;HUN2012;1;999;90;Yes;12910;98;89043,5;9,1;98;110;35;27;1000;67,4;9785000;0,01021972406745
Hungary;2013;HUN2013;1;1056;92;Yes;13430;98;88065;9;98;109;34;26;1000;67,4;9785000;0,01021972406745
Austria;2000;AUT2000;1;2406;85;Yes;26790;100;87700;10;100;97;46;41;240;69;8770000;0,002736602052452
Portugal;2012;PRT2012;1;2000;80;No;21150;99,5;87431;8,5;99;115;32;14;210;71,4;10286000;0,002041609955279
Switzerland;2012;CHE2012;1;9071;65;Yes;84500;99,9;86942,3;10,3;100;192;28;21;4000;73,1;8441000;0,047387750266556
Kuwait;2012;KWT2012;1;1446;99;Yes;49950;100;86877;21;100;191;35;11;100;65,7;4137000;0,002417210539038
Kuwait;2013;KWT2013;1;1507;99;Yes;51990;100;86877;21;100;202;35;11;100;65,7;4137000;0,002417210539038
Switzerland;2013;CHE2013;1;9276;75;Yes;88460;99,9;86098,2;10,2;100;205;28;21;4000;73,1;8441000;0,047387750266556
Lebanon;2012;LBN2012;1;663;50;No;8530;80,7;85148;14;91;481;43;29;200;65,7;6082000;0,003288391976324
Austria;2013;AUT2013;1;5427;91;Yes;50750;100;82438;9,4;100;103;37;36;240;72;8770000;0,002736602052452
Austria;2012;AUT2012;1;5206;90;Yes;50060;100;82438;9,4;100;102;37;36;240;72;8770000;0,002736602052452
Portugal;2013;PRT2013;1;2037;90;No;21340;99,6;81259,4;7,9;99;114;32;14;210;71,4;10286000;0,002041609955279
Singapore;2000;SGP2000;1;662;45;Yes;23670;100;79632;14;100;6012;27;6;1000;70;5688000;0,017580872011252
Ireland;2012;IRL2012;1;4079;91;Yes;41720;90,3;75595,5;15,7;91;67;24;24;500;71,5;4815000;0,010384215991693
Denmark;2000;DNK2000;1;2613;80;Yes;32660;99,6;74763;13;100;126;42;35;1000;67,9;5751000;0,017388280299078
Costa Rica;2012;CRI2012;1;952;89;Yes;9210;94,3;73590;15;97;91;20;9;1000;69,8;4906000;0,020383204239707
Costa Rica;2013;CRI2013;1;1005;94;Yes;9810;94,5;73590;15;97;92;20;9;1000;69,8;4906000;0,020383204239707
Ireland;2013;IRL2013;1;4233;91;Yes;44240;90,4;72225;15;92;67;24;24;500;71,5;4815000;0,010384215991693
New Zealand;2000;NZL2000;1;1056;89;Yes;14080;95,3;71040;15;100;15;18,6;17,8;2000;69,1;4736000;0,04222972972973
Norway;2000;NOR2000;1;3165;90;Yes;36560;98,1;68757;13;98;12;43;41;2000;69,3;5289000;0,037814331631688
Ireland;2000;IRL2000;1;1593;91;Yes;24100;90,3;67410;14;89;55;33;31;500;67,4;4815000;0,010384215991693
New Zealand;2012;NZL2012;1;3954;93;Yes;36720;98,3;65688,32;13,87;100;17;18,6;17,8;2000;71,6;4736000;0,04222972972973
Serbia;2012;SRB2012;1;556;80;No;5700;96,5;65388,3;9,3;95;82;46;40;500;67,7;7031000;0,007111363959607
Serbia;2013;SRB2013;1;475;90;No;6050;96,5;64685,2;9,2;95;82;45;40;500;67,7;7031000;0,007111363959607
Norway;2012;NOR2012;1;9312;93;Yes;99100;98,1;63468;12;98;14;26;25;2000;72;5289000;0,037814331631688
New Zealand;2013;NZL2013;1;4063;93;Yes;39850;98,4;62515,2;13,2;100;17;18,6;17,8;2000;71,6;4736000;0,04222972972973
Norway;2013;NOR2013;1;9715;93;Yes;104190;98,1;61352,4;11,6;98;14;25;24;2000;72;5289000;0,037814331631688
Finland;2012;FIN2012;1;4158;92;Yes;48670;97,6;60610;11;99;18;25;20;700;71;5510000;0,012704174228675
Finland;2000;FIN2000;1;1700;90;Yes;26420;97,6;60610;11;99;17;34;26;700;67,9;5510000;0,012704174228675
Denmark;2012;DNK2012;1;6204;90;Yes;61650;99,6;59810,4;10,4;100;133;21;19;1000;71,2;5751000;0,017388280299078
Finland;2013;FIN2013;1;4449;92;Yes;49220;97,6;58957;10,7;99;18;24;20;700;71;5510000;0,012704174228675
Denmark;2013;DNK2013;1;6270;93;Yes;63200;99,6;57510;10;100;134;20;17;1000;71,2;5751000;0,017388280299078
Singapore;2012;SGP2012;1;2287;52;Yes;51110;100;57448,8;10,1;100;7525;28;5;1000;73,9;5688000;0,017580872011252
Singapore;2013;SGP2013;1;2507;60;Yes;54700;100;52898,4;9,3;100;7637;28;5;1000;73,9;5688000;0,017580872011252
Qatar;2000;QAT2000;1;652;89;Yes;75850;98;50141;19;100;51;19,4;1,4;100;65,5;2639000;0,003789314134142
Uruguay;2013;URY2013;1;1431;93;Yes;15580;96,1;48398;14;95;19;29;21;1000;67,9;3457000;0,028926815157651
Croatia;2012;HRV2012;1;950;90;No;13460;97,1;40719;9,8;97;76;39;32;100;69,4;4155000;0,002406738868833
Croatia;2013;HRV2013;1;982;99;No;13470;97,1;39057;9,4;97;76;39;33;100;69,4;4155000;0,002406738868833
Bahrain;2000;BHR2000;1;476;95;Yes;10940;99,2;32846;22;100;936;18;5;100;64,9;1493000;0,00669792364367
Qatar;2012;QAT2012;1;2029;92;Yes;75850;98;31668;12;100;182;19,4;1,4;100;67,8;2639000;0,003789314134142
Bosnia and Herzegovi;2012;BIH2012;1;446;5;No;4830;94,8;31563;9;95;71;49;31;1000;68,6;3507000;0,028514399771885
Bosnia and Herzegovi;2013;BIH2013;1;449;5;No;5180;94,8;31563;9;95;70;48;31;1000;68,6;3507000;0,028514399771885
Qatar;2013;QAT2013;1;2043;99;Yes;81810;98;31509,66;11,94;100;194;19,4;1,4;100;67,8;2639000;0,003789314134142
Lithuania;2013;LTU2013;1;966;40;Yes;15230;91,6;28845,6;10,1;92;230;40;22;500;66,1;2856000;0,01750700280112
Bahrain;2013;BHR2013;1;1067;99;Yes;21710;99,2;22454,72;15,04;100;1708;44;8;100;67;1493000;0,00669792364367
Bahrain;2012;BHR2012;1;920;99;Yes;19910;99,2;22395;15;100;1689;40;7;100;67;1493000;0,00669792364367
Slovenia;2012;SVN2012;1;2069;48;Yes;23280;99,1;22106,2;10,7;99;102;24;19;100;71,1;2066000;0,004840271055179
Slovenia;2013;SVN2013;1;2085;49;Yes;23070;99,1;21073,2;10,2;99;102;23;18;100;71,1;2066000;0,004840271055179
Latvia;2013;LVA2013;1;874;83;Yes;14900;86,9;19890;10,2;92;32;51;24;500;67,1;1950000;0,025641025641026
Latvia;2012;LVA2012;1;820;55;Yes;13790;86,5;19110;9,8;91;33;51;24;500;67,1;1950000;0,025641025641026
Slovenia;2000;SVN2000;1;831;40;Yes;11350;99,1;18594;9;99;99;30;23;100;66,8;2066000;0,004840271055179
Cyprus;2000;CYP2000;1;753;50;Yes;14860;100;15340;13;100;102;48;20;1000;69;1180000;0,084745762711864
Cyprus;2012;CYP2012;1;1955;60;Yes;28920;100;14160;12;100;123;48;20;1000;71,3;1180000;0,084745762711864
Estonia;2012;EST2012;1;994;80;No;16900;97,2;13917,8;10,6;100;31;44;25;200;69;1313000;0,015232292460015
Estonia;2013;EST2013;1;1072;85;No;18240;97,2;13523,9;10,3;100;31;43;25;200;69;1313000;0,015232292460015
Cyprus;2013;CYP2013;1;1884;70;Yes;27010;100;12980;11;100;124;48;20;1000;71,3;1180000;0,084745762711864
Brunei Darussalam;2000;BRN2000;1;543;80;No;14680;95;9009;21;96;63;30;5;21000;67,6;429000;4,8951048951049
Luxembourg;2000;LUX2000;1;3500;90;Yes;46590;97,6;7670;13;98;168;34;26;100;68,5;590000;0,016949152542373
Montenegro;2012;MNE2012;1;472;75;No;7000;94,6;7476;12;95;46;34,6;20,2;100;67,9;623000;0,016051364365971
Montenegro;2013;MNE2013;1;461;90;No;7330;95,1;7476;12;95;46;34,6;20,2;100;67,9;623000;0,016051364365971
Brunei Darussalam;2013;BRN2013;1;974;90;No;45180;95;6864;16;96;77;29;3;21000;70,3;429000;4,8951048951049
Luxembourg;2012;LUX2012;1;7551;95;Yes;75450;97,6;6667;11,3;98;205;27;22;200;71,8;590000;0,033898305084746
Luxembourg;2013;LUX2013;1;7981;95;Yes;75500;97,6;6667;11,3;98;210;27;21;200;71,8;590000;0,033898305084746
Iceland;2000;ISL2000;1;2961;80;Yes;31560;98,8;5055;15;99;3;34;27;50;70,3;337000;0,014836795252226
Malta;2000;MLT2000;1;656;80;No;10920;100;4829;11;100;1219;39;27;100;68,2;439000;0,022779043280182
Iceland;2012;ISL2012;1;3850;86;Yes;40750;98,8;4751,7;14,1;99;3;19;17;50;72,7;337000;0,014836795252226
Iceland;2013;ISL2013;1;4126;88;Yes;47080;98,8;4515,8;13,4;99;3;19;16;50;72,7;337000;0,014836795252226
Malta;2012;MLT2012;1;1857;90;No;21650;100;4302,2;9,8;100;1311;32;22;100;71,7;439000;0,022779043280182
Malta;2013;MLT2013;1;2000;95;No;22790;100;4170,5;9,5;100;1323;32;21;100;71,7;439000;0,022779043280182
Barbados;2000;BRB2000;1;602;80;Yes;11160;94,9;4004;14;88;628;14;2;200;64,7;286000;0,06993006993007
Barbados;2013;BRB2013;1;1007;87;Yes;15920;95,5;3432;12;96;657;13;1;200;66,8;286000;0,06993006993007
Barbados;2012;BRB2012;1;1009;84;Yes;15960;94,9;3432;12;95;655;13;1;200;66,8;286000;0,06993006993007
Saint Lucia;2012;LCA2012;1;573;80;No;8060;89,5;2864;16;90;287;16,3;4,6;600;66,1;179000;0,335195530726257
Antigua and Barbuda;2000;ATG2000;1;420;20;No;9230;85;2142;21;82;190;5;1,9;100;65;102000;0,098039215686275
Moco;2000;MCO2000;1;2684;80;Yes;90830;100;959,4;24,6;100;16041;38;28;50;60,1;39000;0,128205128205128
Andorra;2000;AND2000;1;1318;80;Yes;41010;100;847;11;100;139;44;32;10;81,2;77000;0,012987012987013
Saint Kitts and Nevis;2012;K2012;1;892;70;No;13710;72,2;764,5;13,9;92;202;12;0,6;270;66;55000;0,490909090909091
Saint Kitts and Nevis;2013;K2013;1;873;70;No;14540;72,2;758,45;13,79;92;204;12;0,6;270;66;55000;0,490909090909091
Moco;2012;MCO2012;1;6521;90;Yes;90830;100;739,83;18,97;100;18892;38;28;50;65,1;39000;0,128205128205128
Andorra;2012;AND2012;1;3414;90;Yes;41010;100;731,5;9,5;100;175;39;28;10;81,2;77000;0,012987012987013
Andorra;2013;AND2013;1;2948;90;Yes;43270;100;731,5;9,5;100;172;38;28;10;81,2;77000;0,012987012987013
Moco;2013;MCO2013;1;6993;90;Yes;90830;100;730,47;18,73;100;18986;38;28;50;65,1;39000;0,128205128205128
San Marino;2012;SMR2012;1;3877;12;No;6350;89,5;320,1;9,7;100;532;11;11;50;82;33000;0,151515151515152
San Marino;2000;SMR2000;1;2166;10;No;3470;89,5;320,1;9,7;100;457;11;11;50;80,62;33000;0,151515151515152
San Marino;2013;SMR2013;1;3847;12;No;6550;90;310,2;9,4;100;538;11;11;50;83,82;33000;0,151515151515152
Palau;2013;PLW2013;1;1008;99;Yes;9480;100;288,2;13,1;100;45;37,2;27;60;69,13;22000;0,272727272727273
Palau;2012;PLW2012;1;976;82;Yes;9630;100;279,4;12,7;100;45;37,2;27;60;69,13;22000;0,272727272727273
Congo;2000;COG2000;1;22;5;Yes;480;14,6;3172260;39;13;9;10;2;200000;46,3;81340000;0,24588148512417
Brazil;2012;BRA2012;1;1078;88;Yes;12280;81,6;3139320;15;84;24;21;12;48000;65,6;209288000;0,022934903100034
Brazil;2013;BRA2013;1;1085;94;Yes;12730;82,1;3139320;15;85;24;20;12;48000;65,6;209288000;0,022934903100034
Russian Federation;2012;RUS2012;1;913;35;No;13330;72,2;1918272,3;13,3;88;9;60;23;200000;63,4;144231000;0,138666444800355
Russian Federation;2013;RUS2013;1;957;35;No;14840;72,2;1903849,2;13,2;88;9;60;23;200000;63,4;144231000;0,138666444800355
Turkey;2012;TUR2012;1;569;97;Yes;11880;93,7;1372665;17;94;97;43;14;50000;66,2;80745000;0,061923338906434
Turkey;2013;TUR2013;1;608;97;Yes;12530;94,1;1372665;17;95;98;42;13;50000;66,2;80745000;0,061923338906434
Saudi Arabia;2000;SAU2000;1;396;90;Yes;8110;100;856388;26;98;10;20;4;500;62,8;32938000;0,001518003521768
Argenti;2000;ARG2000;1;710;40;Yes;7440;95,5;841149;19;95;14;44;34;5500;65,4;44271000;0,012423482641007
Argenti;2012;ARG2012;1;994;41;Yes;11790;95,5;796878;18;95;15;32;21;5500;67,6;44271000;0,012423482641007
Argenti;2013;ARG2013;1;1074;86;Yes;12770;95,8;796878;18;95;16;31;19;5500;67,6;44271000;0,012423482641007
Venezuela (Bolivarian Republic of);2000;VEN2000;1;273;5;Yes;3530;94;767448;24;87;28;21,6;11,8;6800;63,8;31977000;0,021265284423179
Thailand;2013;THA2013;1;264;50;No;5730;93,1;759418;11;95;133;42;2;6400;66,8;69038000;0,009270256959935
Thailand;2012;THA2012;1;247;40;No;5520;93,2;759418;11;95;133;42;2;6400;66,8;69038000;0,009270256959935
Malaysia;2000;MYS2000;1;122;60;No;3560;95,9;695728;22;97;71;55;3;12000;64,2;31624000;0,037945863900835
Saudi Arabia;2012;SAU2012;1;992;98;Yes;24050;100;691698;21;100;14;26;3;500;64,4;32938000;0,001518003521768
Saudi Arabia;2013;SAU2013;1;808;98;Yes;25440;100;691698;21;100;14;27;3;500;64,4;32938000;0,001518003521768
Ukraine;2012;UKR2012;1;290;80;No;3500;95,8;510446,4;11,4;96;79;51;14;17000;64,1;44776000;0,037966767911381
Ukraine;2013;UKR2013;1;313;80;No;3800;95,8;497013,6;11,1;96;79;50;14;17000;64,1;44776000;0,037966767911381
Sri Lanka;2012;LKA2012;1;88;80;No;3360;93,8;362134;17;93;326;29;1;1000;67;21302000;0,004694394892498
Sri Lanka;2013;LKA2013;1;102;90;No;3490;94,8;340832;16;94;328;29;1;1000;67;21302000;0,004694394892498
Chile;2000;CHL2000;1;364;70;Yes;5090;98,8;306935;17;92;21;50;44;2100;67,7;18055000;0,011631127111603
Tunisia;2012;TUN2012;1;292;25;No;4090;90,3;222567,6;19,3;91;70;45,1;4,4;500;66,7;11532000;0,004335761359695
Tunisia;2013;TUN2013;1;309;30;No;4130;90,9;222567,6;19,3;92;71;45,1;4,4;500;66,7;11532000;0,004335761359695
Cuba;2000;CUB2000;1;166;80;No;2610;92,7;149305;13;89;104;55;31;500;67,2;11485000;0,00435350457118
Libya;2012;LBY2012;1;669;25;Yes;10860;96,6;139612,5;21,9;100;4;29,5;0,9;6000;63,7;6375000;0,094117647058824
Libya;2013;LBY2013;1;433;35;Yes;10520;96,6;133875;21;100;4;29,5;0,9;6000;63,7;6375000;0,094117647058824
Cuba;2012;CUB2012;1;558;90;No;6210;92,7;126335;11;91;107;53;20;3300;69,2;11485000;0,028733130169787
Cuba;2013;CUB2013;1;603;90;No;6570;93,1;119444;10,4;91;110;53;19;3300;69,2;11485000;0,028733130169787
Lebanon;2000;LBN2000;1;579;40;No;5470;80,7;115558;19;75;316;35;24;100;61,2;6082000;0,001644195988162
Oman;2000;OMN2000;1;273;90;Yes;7070;96,7;111264;24;88;7;13;1;10000;63,2;4636000;0,215703192407248
Hungary;2000;HUN2000;1;326;85;Yes;4660;98;97850;10;98;114;46;34;1000;63,7;9785000;0,01021972406745
Oman;2012;OMN2012;1;605;99;Yes;19560;96,7;96475,16;20,81;98;11;19;1;10000;66,6;4636000;0,215703192407248
Costa Rica;2000;CRI2000;1;287;85;Yes;3580;94,3;93214;19;94;77;28;13;500;68,1;4906000;0,010191602119853
Oman;2013;OMN2013;1;678;99;Yes;20580;96,7;92720;20;99;12;19;1;10000;66,6;4636000;0,215703192407248
Serbia;2000;SRB2000;1;64;80;No;1530;96,5;70310;10;98;86;55;41;100;64,5;7031000;0,001422272791921
Bulgaria;2013;BGR2013;1;555;94;Yes;7610;86;65090;9,2;86;67;44;29;500;66,4;7075000;0,007067137809187
Jamaica;2000;JAM2000;1;189;70;Yes;3210;81,7;60690;21;84;245;29;9;1700;63,9;2890000;0,058823529411765
Slovakia;2012;SVK2012;1;1377;98;Yes;17550;98,8;55939,3;10,3;99;112;41;18;200;68,1;5431000;0,003682563063892
Slovakia;2013;SVK2013;1;1454;98;Yes;18140;98,8;54853,1;10,1;99;113;40;18;200;68,1;5431000;0,003682563063892
Slovakia;2000;SVK2000;1;208;90;Yes;5520;98,8;54310;10;99;112;46;21;100;64,9;5431000;0,001841281531946
Georgia;2013;GEO2013;1;350;10;Yes;4240;87,5;52010;14;86;66;59;6;1100;66,4;3715000;0,029609690444145
Georgia;2012;GEO2012;2;333;5;Yes;3870;88,1;52010;14;87;67;59;6;1100;66,4;3715000;0,029609690444145
Uruguay;2012;URY2012;1;1265;93;Yes;13910;95,9;48398;14;95;19;30;22;1000;67,9;3457000;0,028926815157651
Jamaica;2012;JAM2012;1;302;70;Yes;4970;81,7;41991,7;14,53;85;262;30;6;1700;67;2890000;0,058823529411765
Croatia;2000;HRV2000;1;371;80;No;5290;97,1;41550;10;97;79;40;28;100;66,4;4155000;0,002406738868833
Jamaica;2013;JAM2013;1;305;70;Yes;5020;81,8;39130,6;13,54;85;263;30;6;1700;67;2890000;0,058823529411765
Bosnia and Herzegovi;2000;BIH2000;1;103;5;No;1480;94,8;38577;11;95;74;58;36;1000;65,1;3507000;0,028514399771885
Albania;2013;ALB2013;1;240;99;Yes;4480;92,7;37427;13;87;106;51;8;500;68,8;2879000;0,017367141368531
Albania;2012;ALB2012;1;220;99;Yes;4360;92,1;36649,67;12,73;87;106;52;8;500;68,8;2879000;0,017367141368531
Lithuania;2012;LTU2012;1;939;35;Yes;14100;91,2;29131,2;10,2;92;48;41;22;500;66,1;2856000;0,01750700280112
Lithuania;2000;LTU2000;1;211;30;Yes;3210;91,2;28560;10;85;56;53;21;200;63,9;2856000;0,007002801120448
Mauritius;2000;MUS2000;1;146;1;No;3870;93;21539;17;91;585;47;5;1200;63,8;1267000;0,094711917916338
Trinidad and Tobago;2000;TTO2000;1;260;30;Yes;5400;91,5;20535;15;91;247;27,4;7,1;1000;61,4;1369000;0,073046018991965
Latvia;2000;LVA2000;1;196;45;Yes;3310;86,5;17550;9;87;38;57;25;1000;63;1950000;0,051282051282051
Estonia;2000;EST2000;1;214;60;No;4150;97,2;11817;9;99;33;55;27;200;63,1;1313000;0,015232292460015
Maldives;2012;MDV2012;1;710;50;No;8260;98;9306;22;96;1283;34,5;7,7;700;69,5;423000;0,16548463356974
Maldives;2013;MDV2013;1;720;70;No;8980;98;8883;21;96;1310;34,5;7,7;700;69,5;423000;0,16548463356974
Montenegro;2000;MNE2000;1;118;70;No;;94,6;8722;14;95;45;34,6;20,2;100;64,9;623000;0,016051364365971
Belize;2012;BLZ2012;1;259;60;No;4260;90,2;8718,75;23,25;86;15;17,4;1,8;500;62,2;375000;0,133333333333333
Belize;2013;BLZ2013;1;262;80;No;4330;90,6;8625;23;87;15;17,4;1,8;500;62,2;375000;0,133333333333333
Brunei Darussalam;2012;BRN2012;1;946;85;No;42290;95;7293;17;96;74;29;3;21000;70,3;429000;4,8951048951049
Bahamas;2012;BHS2012;2;1618;37;Yes;21330;92;5925;15;92;37;15,8;4,5;500;66,6;395000;0,126582278481013
Bahamas;2013;BHS2013;2;1621;97;Yes;23580;92;5925;15;92;38;15,8;4,5;500;66,6;395000;0,126582278481013
Saint Lucia;2000;LCA2000;1;272;80;No;4620;89,5;3401;19;79;257;16,3;4,6;600;63;179000;0,335195530726257
Saint Lucia;2013;LCA2013;1;621;90;No;8150;90;2761,97;15,43;91;288;16,3;4,6;600;66,1;179000;0,335195530726257
Saint Vincent and the Gredines;2000;VCT2000;1;137;80;No;3470;89,5;2200;20;71;277;15,6;2,2;550;62,6;110000;0,5
Greda;2013;GRD2013;1;499;75;No;7510;98;2052;19;88;311;15,4;4,4;800;65;108000;0,740740740740741
Greda;2012;GRD2012;1;471;65;No;7160;98;2052;19;89;310;15,4;4,4;800;65;108000;0,740740740740741
Greda;2000;GRD2000;1;339;40;No;4660;98;2052;19;92;299;15,4;4,4;800;62,4;108000;0,740740740740741
Saint Vincent and the Gredines;2012;VCT2012;1;340;90;No;6350;89,5;1870;17;85;280;15,6;2,2;550;64,6;110000;0,5
Dominica;2000;DMA2000;1;225;20;No;3600;72,6;1861,1;25,15;64;93;8,4;2,8;100;63,2;74000;0,135135135135135
Seychelles;2000;SYC2000;1;356;80;No;7290;98,4;1805;19;94;176;48;11;500;64,4;95000;0,526315789473684
Seychelles;2012;SYC2012;1;502;90;No;12240;98,4;1767;18,6;99;192;44;9;500;65,5;95000;0,526315789473684
Antigua and Barbuda;2012;ATG2012;1;727;30;No;11900;85,4;1734;17;87;220;5;1,9;100;67,2;102000;0,098039215686275
Seychelles;2013;SYC2013;1;551;90;No;13500;98,4;1653;17,4;100;196;44;9;500;65,5;95000;0,526315789473684
Antigua and Barbuda;2013;ATG2013;1;665;40;No;12020;85;1632;16;88;222;5;1,9;100;67,2;102000;0,098039215686275
Dominica;2012;DMA2012;1;399;24;No;6750;72,6;1438,56;19,44;78;96;8,4;2,8;100;65,1;74000;0,135135135135135
Dominica;2013;DMA2013;1;417;25;No;6610;73,4;1421,54;19,21;78;97;8,4;2,8;100;65,1;74000;0,135135135135135
Saint Kitts and Nevis;2000;K2000;1;392;50;No;8630;72,2;1048,3;19,06;85;175;12;0,6;270;75,3;55000;0,490909090909091
Chi;2012;CHN2012;2;322;80;No;5490;73,1;16746170,1;12,1;72;144;49;2;7000;68,5;1383981000;0,000505787290432
Chi;2013;CHN2013;1;367;90;No;6800;74,2;16718490,48;12,08;73;145;49;2;7000;68,5;1383981000;0,000505787290432
Mexico;2012;MEX2012;1;618;99;Yes;9870;83,7;2454097;19;87;62;23;8;12000;67,4;129163000;0,009290586313418
Mexico;2013;MEX2013;1;664;84;Yes;10020;84,4;2454097;19;88;63;22;8;12000;67,4;129163000;0,009290586313418
Turkey;2000;TUR2000;1;197;90;Yes;4300;93,7;1776390;22;83;82;59;20;50000;61,6;80745000;0,061923338906434
Iran (Islamic Republic of);2012;IRN2012;2;485;5;No;6790;89,6;1473108,45;18,15;88;47;23;1;5000;66,5;81163000;0,006160442566194
Iran (Islamic Republic of);2013;IRN2013;1;432;10;No;7050;89,9;1452817,7;17,9;88;48;23;1;5000;66,5;81163000;0,006160442566194
Thailand;2000;THA2000;2;67;10;No;1980;93,2;1035570;15;95;123;47;3;35000;63,4;69038000;0,050696717749645
Colombia;2012;COL2012;1;530;84;Yes;7140;80,2;785056;16;83;42;17;7;5600;65,2;49066000;0,011413198548893
Colombia;2013;COL2013;1;533;87;Yes;7760;80,6;785056;16;83;43;17;7;5600;65,2;49066000;0,011413198548893
Peru;2012;PER2012;1;368;85;Yes;5670;73,7;657774,25;20,45;74;24;17,9;4,5;2700;65,7;32165000;0,008394217316959
Peru;2013;PER2013;1;354;89;Yes;6270;74,6;643300;20;75;24;17,9;4,5;2700;65,7;32165000;0,008394217316959
Venezuela (Bolivarian Republic of);2012;VEN2012;2;618;5;Yes;11740;94;639540;20;94;34;21,6;11,8;6500;65,2;31977000;0,020327110110392
Venezuela (Bolivarian Republic of);2013;VEN2013;2;520;15;Yes;12480;94,4;639540;20;95;34;21,6;11,8;6500;65,2;31977000;0,020327110110392
Syrian Arab Republic;2013;SYR2013;1;43;80;No;970;95,7;438480;24;93;108;28,3;6,3;30000;55,9;18270000;0,164203612479475
Syrian Arab Republic;2012;SYR2012;1;73;60;No;970;95,7;438480;24;93;111;28,3;6,3;30000;55,9;18270000;0,164203612479475
Kazakhstan;2013;KAZ2013;1;580;52;Yes;11840;97,5;409049,08;22,73;98;6;45;9;2900;63,3;17996000;0,016114692153812
Kazakhstan;2012;KAZ2012;1;539;37;Yes;9940;97,5;408329,24;22,69;98;6;46;10;2900;63,3;17996000;0,016114692153812
Sri Lanka;2000;LKA2000;1;32;50;No;880;93,8;383436;18;85;297;32;2;100;63,9;21302000;0,00046943948925
Ecuador;2013;ECU2013;1;431;90;Yes;5830;83,8;350288,75;21,07;84;63;15;4;1900;67;16625000;0,011428571428571
Ecuador;2012;ECU2012;1;361;94;Yes;5410;82,8;349125;21;83;62;15;4;1900;67;16625000;0,011428571428571
Jordan;2000;JOR2000;1;171;20;Yes;1680;98,6;300762;31;99;58;42;8;100;62,9;9702000;0,00103071531643
Jordan;2013;JOR2013;1;336;60;Yes;3790;98,6;271656;28;97;95;66;11;100;65;9702000;0,00103071531643
Jordan;2012;JOR2012;1;351;50;Yes;3680;98,6;271656;28;97;90;64;10;100;65;9702000;0,00103071531643
El Salvador;2012;SLV2012;1;254;94;Yes;3640;72,6;114804;18;89;300;18,2;2,6;1000;64,1;6378000;0,015678896205707
El Salvador;2013;SLV2013;1;266;92;Yes;3750;73,4;108426;17;90;302;18,2;2,6;1000;64,1;6378000;0,015678896205707
Pama;2000;PAN2000;2;295;58;Yes;3910;73,4;94277;23;64;41;26;5;1000;66,4;4099000;0,024396194193706
Belarus;2000;BLR2000;1;75;5;No;1380;94,4;85320;9;95;49;64;13;500;61,2;9480000;0,005274261603376
Pama;2012;PAN2012;1;723;62;Yes;9530;73,4;81980;20;74;51;13;3;1300;68,1;4099000;0,031715052451818
Pama;2013;PAN2013;2;796;68;Yes;10510;73,9;80668,32;19,68;75;52;13;3;1300;68,1;4099000;0,031715052451818
Bulgaria;2012;BGR2012;1;520;94;Yes;7420;86;67212,5;9,5;86;67;45;30;500;66,4;7075000;0,007067137809187
Uruguay;2000;URY2000;1;773;89;Yes;7050;95,9;55312;16;94;19;48;37;1000;66,1;3457000;0,028926815157651
Armenia;2013;ARM2013;2;159;40;Yes;4120;89,5;38090;13;91;102;53;2;500;64,2;2930000;0,017064846416382
Armenia;2012;ARM2012;2;150;30;Yes;3880;89,5;38090;13;91;101;55;2;500;64,2;2930000;0,017064846416382
Trinidad and Tobago;2012;TTO2012;2;991;39;Yes;16070;91,5;20535;15;92;262;27,4;7,1;500;63,3;1369000;0,036523009495983
Trinidad and Tobago;2013;TTO2013;2;995;80;Yes;18100;91,5;19973,71;14,59;92;263;27,4;7,1;500;63,3;1369000;0,036523009495983
Guya;2012;GUY2012;1;235;90;Yes;3620;83,6;14782;19;85;4;27,9;3,5;1000;59;778000;0,12853470437018
Mauritius;2012;MUS2012;1;439;1;No;9260;93;14570,5;11,5;93;619;41;4;1200;66,8;1267000;0,094711917916338
Mauritius;2013;MUS2013;2;463;5;No;9790;93,2;13810,3;10,9;93;620;41;4;1200;66,8;1267000;0,094711917916338
Surime;2000;SUR2000;2;167;20;No;1900;79,3;12949;23;81;3;9,9;2,3;500;59,1;563000;0,088809946714032
Cabo Verde;2013;CPV2013;2;165;45;No;3440;70,1;12012;22;64;129;20;4;200;64,2;546000;0,036630036630037
Belize;2000;BLZ2000;1;139;40;No;3150;90,2;11250;30;83;11;17,4;1,8;500;60,5;375000;0,133333333333333
Surime;2012;SUR2012;1;437;60;No;8610;79,3;10697;19;79;3;9,9;2,3;500;63,1;563000;0,088809946714032
Surime;2013;SUR2013;1;445;80;No;9030;79,2;10134;18;79;3;9,9;2,3;500;63,1;563000;0,088809946714032
Samoa;2012;WSM2012;1;243;60;No;3780;91,6;5292;27;97;67;45;20;1000;66,6;196000;0,510204081632653
Samoa;2013;WSM2013;1;271;60;No;3920;91,5;5096;26;97;67;44;19;1000;66,6;196000;0,510204081632653
Tonga;2000;TON2000;1;92;20;No;2050;91,3;3024;28;89;136;54;15;200;64,3;108000;0,185185185185185
Tonga;2012;TON2012;1;197;25;No;4220;91,3;2808;26;93;146;48;13;200;66;108000;0,185185185185185
Tonga;2013;TON2013;1;204;30;No;4330;91,1;2700;25;93;146;48;13;200;66;108000;0,185185185185185
Saint Vincent and the Gredines;2013;VCT2013;1;345;90;No;6550;90;1760;16;86;280;15,6;2,2;550;64,6;110000;0,5
Brazil;2000;BRA2000;2;265;80;Yes;3860;81,6;4185760;20;73;21;29;19;42000;61,9;209288000;0,02006804021253
Mexico;2000;MEX2000;2;328;70;Yes;5810;83,7;3099912;24;76;52;37;13;12000;65,6;129163000;0,009290586313418
Egypt;2013;EGY2013;2;151;90;No;2790;94,7;2731484;28;93;90;47;1;1600;62,2;97553000;0,001640134080961
Egypt;2012;EGY2012;2;158;80;No;2520;94,7;2731484;28;93;88;46;1;1600;62,2;97553000;0,001640134080961
Viet m;2012;VNM2012;2;102;40;No;1550;73,1;1592084;17;74;286;48;1;11000;66,6;93652000;0,011745611412463
Viet m;2013;VNM2013;2;111;40;No;1740;74,7;1592084;17;75;289;48;1;11000;66,6;93652000;0,011745611412463
Russian Federation;2000;RUS2000;2;96;30;No;1710;72,2;1298079;9;84;9;67;22;200000;58,3;144231000;0,138666444800355
Algeria;2012;DZA2012;2;319;10;No;5140;87;1032950;25;87;16;21,7;0,9;1000;66,3;41318000;0,002420252674379
Algeria;2013;DZA2013;2;314;25;No;5480;87,2;1032950;25;87;16;21,7;0,9;1000;66,3;41318000;0,002420252674379
Colombia;2000;COL2000;1;148;80;Yes;2320;80,2;1030386;21;76;36;25;11;7700;62,4;49066000;0,015693148004728
Morocco;2013;MAR2013;2;189;80;Yes;3080;76,5;750540;21;82;76;44;2;1000;65,1;35740000;0,002797985450476
Morocco;2012;MAR2012;2;181;72;Yes;2970;75,6;750540;21;81;75;43;2;1000;65,1;35740000;0,002797985450476
Syrian Arab Republic;2000;SYR2000;2;58;10;No;970;95,7;566370;31;93;89;28,3;6,3;30000;61,8;18270000;0,164203612479475
Ecuador;2000;ECU2000;1;53;80;Yes;1540;82,8;415625;25;71;51;21;5;1900;63,9;16625000;0,011428571428571
Ukraine;2000;UKR2000;2;36;60;No;700;95,8;358208;8;95;85;60;16;24000;60,6;44776000;0,053600142933715
Honduras;2013;HND2013;1;196;97;Yes;2040;81,3;203830;22;78;77;36;2;1000;64,9;9265000;0,010793308148948
Honduras;2012;HND2012;1;221;95;Yes;2000;80;203830;22;76;76;37;2;1000;64,9;9265000;0,010793308148948
Romania;2012;ROU2012;2;468;10;No;8740;78,3;195860;10;82;87;40;23;1000;66,8;19586000;0,005105687736138
Romania;2013;ROU2013;1;504;15;No;9260;78,6;178232,6;9,1;82;87;39;23;1000;66,8;19586000;0,005105687736138
Paraguay;2013;PRY2013;2;395;90;Yes;4180;86,8;149842;22;89;16;30;8;1300;65,4;6811000;0,019086771399207
Paraguay;2012;PRY2012;2;358;82;Yes;3430;85,4;149842;22;88;16;31;9;1300;65,4;6811000;0,019086771399207
Libya;2000;LBY2000;1;253;20;Yes;10860;96,6;140250;22;100;3;29,5;0,9;6000;62,1;6375000;0,094117647058824
Mongolia;2013;MNG2013;2;244;50;No;4350;58,5;73824;24;58;2;49;6;100;62,1;3076000;0,003250975292588
Mongolia;2012;MNG2012;2;232;35;No;3660;57,9;73824;24;58;2;49;6;100;62,1;3076000;0,003250975292588
Republic of Moldova;2013;MDA2013;3;263;1;Yes;2470;76,1;38984;11;78;124;45;5;1600;64,9;3544000;0,045146726862303
Republic of Moldova;2012;MDA2012;3;241;1;Yes;2140;75,8;38984;11;77;124;45;5;1600;64,9;3544000;0,045146726862303
Fiji;2000;FJI2000;1;80;75;Yes;2230;91,1;22650;25;80;44;52;15;200;60,8;906000;0,022075055187638
Fiji;2012;FJI2012;1;184;85;Yes;4100;91,1;19026;21;92;48;41;13;200;62,9;906000;0,022075055187638
Fiji;2013;FJI2013;1;189;87;Yes;4640;91,1;18120;20;93;48;40;13;200;62,9;906000;0,022075055187638
Cabo Verde;2012;CPV2012;2;163;40;No;3380;68,1;12012;22;63;128;20;4;200;64,2;546000;0,036630036630037
Bahamas;2000;BHS2000;2;1107;30;Yes;19020;92;7110;18;89;30;15,8;4,5;500;63,8;395000;0,126582278481013
Samoa;2000;WSM2000;1;80;30;No;1600;91,6;6076;31;99;62;63;26;1000;63,4;196000;0,510204081632653
Palau;2000;PLW2000;1;908;75;Yes;5690;100;330;15;85;42;37,2;27;60;70,49;22000;0,272727272727273
Uzbekistan;2013;UZB2013;2;120;85;Yes;1970;100;725895;22,5;100;71;26;1;6000;62,4;32262000;0,018597731076809
Uzbekistan;2012;UZB2012;2;110;80;Yes;1740;100;677502;21;100;70;26;1;6000;62,4;32262000;0,018597731076809
Honduras;2000;HND2000;2;76;87;Yes;880;80;305745;33;62;58;60;4;1800;61,4;9265000;0,019427954668106
Dominican Republic;2012;DOM2012;2;310;24;Yes;5660;82,9;236874;22;82;96;19;10;2500;65,1;10767000;0,023219095384044
Dominican Republic;2013;DOM2013;2;315;25;Yes;5850;83,3;226107;21;82;97;19;10;2500;65,1;10767000;0,023219095384044
Tunisia;2000;TUN2000;2;121;20;No;2280;90,3;196044;17;80;62;45,1;4,4;100;64,4;11532000;0,000867152271939
Paraguay;2000;PRY2000;2;124;73;Yes;1360;85,4;183897;27;72;13;46;15;1200;62,5;6811000;0,017618558214653
Azerbaijan;2013;AZE2013;2;436;40;Yes;7450;86,3;180584,4;18,3;86;114;48;1;1000;64,7;9868000;0,010133765707337
Nicaragua;2012;NIC2012;2;144;99;Yes;1770;66,8;132070,32;21,24;73;49;17,2;5,7;500;63,8;6218000;0,008041170794468
Nicaragua;2013;NIC2013;2;155;99;Yes;1860;67,8;130578;21;74;49;17,2;5,7;500;63,8;6218000;0,008041170794468
Botswa;2000;BWA2000;2;152;45;Yes;3020;62,4;64176;28;54;3;21,5;6,1;27000;41,9;2292000;1,17801047120419
Bulgaria;2000;BGR2000;1;97;90;Yes;1660;86;63675;9;86;74;59;42;500;63,4;7075000;0,007067137809187
Botswa;2012;BWA2012;3;402;52;Yes;7310;62,4;58331,4;25,45;59;4;21,5;6,1;10000;56,9;2292000;0,43630017452007
Botswa;2013;BWA2013;3;397;72;Yes;7580;63,3;57300;25;60;4;21,5;6,1;10000;56,9;2292000;0,43630017452007
Solomon Islands;2000;SLB2000;2;48;30;Yes;1010;28,9;21996;36;21;15;38,4;15,5;4000;59,1;611000;0,654664484451719
Guya;2000;GUY2000;2;56;89;Yes;870;83,6;20228;26;78;4;27,9;3,5;1000;57,8;778000;0,12853470437018
Solomon Islands;2012;SLB2012;2;101;38;Yes;1510;28,9;19093,75;31,25;29;20;38,4;15,5;4000;62,1;611000;0,654664484451719
Solomon Islands;2013;SLB2013;2;100;40;Yes;1820;29,2;18941;31;30;20;38,4;15,5;4000;62,1;611000;0,654664484451719
Guya;2013;GUY2013;3;250;96;Yes;3890;83,6;14782;19;85;4;27,9;3,5;1000;59;778000;0,12853470437018
Vanuatu;2000;VUT2000;2;52;40;No;1430;57,9;8832;32;53;15;28,5;3,1;200;61,9;276000;0,072463768115942
Tuvalu;2013;TUV2013;1;704;50;No;5590;83,3;259,16;23,56;92;361;50,8;22,7;70;66,9;11000;0,636363636363636
Tuvalu;2012;TUV2012;1;559;50;No;4420;83,3;256,85;23,35;91;358;50,8;22,7;70;66,9;11000;0,636363636363636
Indonesia;2012;IDN2012;2;108;5;No;3570;58,8;5543811;21;64;137;72;4;48000;62,1;263991000;0,01818243803766
Indonesia;2013;IDN2013;2;107;10;No;3730;59,7;5279820;20;65;139;73;4;48000;62,1;263991000;0,01818243803766
Philippines;2012;PHL2012;2;115;15;Yes;2980;71,8;2518032;24;73;325;46;9;10000;61,1;104918000;0,009531252978517
Philippines;2013;PHL2013;2;122;20;Yes;3300;72,5;2495999,22;23,79;74;330;45;9;10000;61,1;104918000;0,009531252978517
Viet m;2000;VNM2000;2;20;5;No;420;73,1;1685736;18;53;250;51;2;26000;62,1;93652000;0,02776235424764
Iran (Islamic Republic of);2000;IRN2000;2;229;5;No;1720;89,6;1542097;19;87;41;30;6;5400;61,8;81163000;0,006653277971489
Iraq;2000;IRQ2000;2;7;5;No;6140;84,8;1377900;36;75;54;33,1;2,9;4000;60,7;38275000;0,010450685826257
Iraq;2012;IRQ2012;2;282;5;No;6140;84,8;1346131,75;35,17;85;75;33,1;2,9;4000;60;38275000;0,010450685826257
Iraq;2013;IRQ2013;2;305;10;No;6850;85,6;1336180,25;34,91;86;78;33,1;2,9;4000;60;38275000;0,010450685826257
Algeria;2000;DZA2000;2;60;5;No;1590;87;826360;20;84;13;21,7;0,9;1000;62,5;41318000;0,002420252674379
Peru;2000;PER2000;2;95;80;Yes;2010;73,7;771960;24;63;20;17,9;4,5;2700;59,9;32165000;0,008394217316959
Guatemala;2012;GTM2012;2;215;20;Yes;3090;62,9;473592;28;66;143;11,7;2,1;2900;62,2;16914000;0,017145559891214
Guatemala;2013;GTM2013;2;222;24;Yes;3310;63,6;456678;27;66;146;11,7;2,1;2900;62,2;16914000;0,017145559891214
Dominican Republic;2000;DOM2000;2;173;20;Yes;2630;82,9;269175;25;79;93;22;15;8300;63,2;10767000;0,077087396675026
Azerbaijan;2012;AZE2012;2;402;30;Yes;6480;84,7;185518,4;18,8;85;112;49;1;1000;64,7;9868000;0,010133765707337
Kyrgyzstan;2012;KGZ2012;1;84;15;Yes;1040;93;170374,8;27,6;96;29;50;4;1000;63,9;6173000;0,016199578810951
Kyrgyzstan;2013;KGZ2013;1;87;40;Yes;1190;93,1;167905,6;27,2;96;30;50;4;1000;63,9;6173000;0,016199578810951
Armenia;2000;ARM2000;2;39;20;Yes;660;89,5;55670;19;90;108;67;3;1000;66,9;2930000;0,034129692832765
Cabo Verde;2000;CPV2000;2;59;15;No;1380;68,1;15834;29;37;108;14;6;200;61,1;546000;0,036630036630037
Vanuatu;2012;VUT2012;2;116;45;No;2950;57,9;7452;27;53;20;28,5;3,1;200;64,6;276000;0,072463768115942
Vanuatu;2013;VUT2013;2;123;45;No;3200;57,9;7452;27;53;21;28,5;3,1;200;64,6;276000;0,072463768115942
Sao Tome and Principe;2013;STP2013;2;110;97;Yes;1480;34,5;7140;35;38;195;6,9;1,2;2000;59;204000;0,980392156862745
Micronesia (Federated States of);2013;FSM2013;2;407;61;Yes;3180;57;2544;24;68;148;39,4;11,5;700;62,5;106000;0,660377358490566
Chi;2000;CHN2000;4;43;15;No;940;73,1;19375734;14;61;134;56;4;7000;64,6;1383981000;0,000505787290432
Philippines;2000;PHL2000;2;33;10;Yes;1220;71,8;3147540;30;67;262;59;13;500;58,8;104918000;0,000476562648926
Egypt;2000;EGY2000;2;80;20;No;1290;94,7;2438825;25;92;70;36;1;500;59,9;97553000;0,0005125419003
Kenya;2012;KEN2012;2;42;82;Yes;1060;29,6;1789200;36;30;77;26;2;62000;55,6;49700000;0,124748490945674
Kenya;2013;KEN2013;2;45;75;Yes;1150;29,9;1739500;35;30;79;26;2;62000;55,6;49700000;0,124748490945674
South Africa;2013;ZAF2013;2;593;69;Yes;7400;65,3;1189419;21;71;44;32;7;270000;54,4;56639000;0,476703331626618
Gha;2013;GHA2013;3;100;89;Yes;1730;14,7;951522;33;14;116;12;1;20000;55,3;28834000;0,069362558091142
Nepal;2013;NPL2013;2;39;1;Yes;720;42,6;615405;21;43;195;37;13;1000;61,2;29305000;0,003412386964682
Rwanda;2012;RWA2012;2;70;99;Yes;650;59,1;415072;34;59;437;16,3;6;7500;56,6;12208000;0,061435124508519
Rwanda;2013;RWA2013;2;71;99;Yes;680;60;402864;33;60;449;16,3;6;7500;56,6;12208000;0,061435124508519
Cambodia;2012;KHM2012;2;69;25;Yes;880;37,2;400125;25;41;84;45;4;1000;58,1;16005000;0,006248047485161
Cambodia;2013;KHM2013;2;76;35;Yes;960;39;384120;24;44;85;45;3;1000;58,1;16005000;0,006248047485161
Tajikistan;2013;TJK2013;2;70;12;No;1310;94,7;276551;31;95;58;30;2,6;1300;62,1;8921000;0,014572357359041
Tajikistan;2012;TJK2012;2;61;10;No;1140;94,4;276551;31;95;57;30;2,6;1300;62,1;8921000;0,014572357359041
Bolivia (Pluritiol State of);2012;BOL2012;2;149;35;Yes;2280;48,4;276300;25;50;9;34;19;1100;62,5;11052000;0,009952949692363
Bolivia (Pluritiol State of);2013;BOL2013;2;174;45;Yes;2620;49,3;265248;24;51;10;33;18;1100;62,5;11052000;0,009952949692363
Nicaragua;2000;NIC2000;2;54;90;Yes;970;66,8;167886;27;60;42;17,2;5,7;1100;54,6;6218000;0,017690575747829
El Salvador;2000;SLV2000;2;176;80;Yes;2140;72,6;159450;25;82;283;18,2;2,6;2100;58,6;6378000;0,032925682031985
Gabon;2000;GAB2000;2;118;15;Yes;3090;41,4;66825;33;39;5;19,1;2,9;6100;52,1;2025000;0,301234567901235
Albania;2000;ALB2000;2;70;90;Yes;1170;92,1;46064;16;88;113;57;12;100;64,1;2879000;0,003473428273706
Bhutan;2012;BTN2012;2;90;20;No;2290;49,4;15352;19;61;20;16,7;3,5;40000;61,2;808000;4,95049504950495
Bhutan;2013;BTN2013;2;90;30;No;2300;49,7;14544;18;62;20;16,7;3,5;40000;61,2;808000;4,95049504950495
Maldives;2000;MDV2000;3;162;40;No;8260;98;9729;23;78;953;34,5;7,7;700;61,7;423000;0,16548463356974
Sao Tome and Principe;2012;STP2012;2;109;95;Yes;1270;34,4;7135,92;34,98;36;191;6,9;1,2;2000;59;204000;0,980392156862745
Micronesia (Federated States of);2012;FSM2012;2;404;60;Yes;3070;57;2544;24;68;148;39,4;11,5;700;62,5;106000;0,660377358490566
Marshall Islands;2013;MHL2013;2;630;38;Yes;4300;76,7;1442,13;27,21;87;293;28,4;4,9;300;67;53000;0,566037735849057
Indonesia;2000;IDN2000;2;15;5;No;580;58,8;5807802;22;44;117;56;6;23000;59,4;263991000;0,008712418226379
Bangladesh;2012;BGD2012;2;26;25;Yes;940;57,7;3458070;21;43;1196;44;1;1500;62,4;164670000;0,00091091273456
Bangladesh;2013;BGD2013;2;32;40;Yes;1010;58,7;3293400;20;44;1211;42;1;1500;62,4;164670000;0,00091091273456
South Africa;2012;ZAF2012;2;651;70;Yes;7620;64,7;1195082,9;21,1;71;43;32;7;270000;54,4;56639000;0,476703331626618
Gha;2012;GHA2012;3;86;43;Yes;1560;14,4;951522;33;14;113;12;1;20000;55,3;28834000;0,069362558091142
Morocco;2000;MAR2000;2;54;65;Yes;1390;75,6;786280;22;69;65;33;4;1400;60,1;35740000;0,003917179630666
Malawi;2012;MWI2012;2;32;89;Yes;440;39,7;744880;40;42;171;27;7;36000;51,2;18622000;0,193319729352379
Malawi;2013;MWI2013;2;26;99;Yes;390;40,1;726258;39;42;176;26;7;36000;51,2;18622000;0,193319729352379
Nepal;2012;NPL2012;3;36;1;Yes;690;41,1;615405;21;41;193;39;14;1000;61,2;29305000;0,003412386964682
Kazakhstan;2000;KAZ2000;2;52;30;Yes;1260;97,5;269940;15;97;6;57;12;1000;57,7;17996000;0,005556790397866
Papua New Guinea;2013;PNG2013;3;94;5;Yes;2700;18,9;239279;29;19;17;51,2;21,5;2800;56,4;8251000;0,033935280572052
mibia;2000;M2000;2;126;50;Yes;2110;33,1;81088;32;28;2;29;15;20000;50,2;2534000;0,789265982636148
Gabon;2013;GAB2013;2;441;25;Yes;9330;41,6;62775;31;41;7;19,1;2,9;1700;57,2;2025000;0,083950617283951
Gabon;2012;GAB2012;2;399;20;Yes;9040;41,4;62775;31;41;7;19,1;2,9;1700;57,2;2025000;0,083950617283951
Marshall Islands;2000;MHL2000;2;466;22;Yes;2850;76,2;2394,01;45,17;87;290;28,4;4,9;300;65,24;53000;0,566037735849057
Marshall Islands;2012;MHL2012;2;589;46;Yes;3980;76,2;1491,42;28,14;87;293;28,4;4,9;300;67;53000;0,566037735849057
India;2012;IND2012;2;58;5;No;1480;37,5;28122780;21;40;425;23;2;80000;59,6;1339180000;0,005973804865664
India;2013;IND2013;2;61;10;No;1520;38,5;26783600;20;41;430;22;2;80000;59,6;1339180000;0,005973804865664
United Republic of Tanzania;2013;TZA2013;2;49;80;Yes;840;14,5;2292400;40;21;57;29;4;55000;54,2;57310000;0,095969289827255
South Africa;2000;ZAF2000;2;246;60;Yes;3070;64,7;1359336;24;59;37;35;13;540000;50;56639000;0,953406663253235
Yemen;2012;YEM2012;3;76;67;Yes;1060;53,3;932250;33;56;47;26,2;6,8;1100;57,7;28250000;0,003893805309735
Madagascar;2013;MDG2013;2;20;76;Yes;440;11,7;894985;35;9;39;26,6;1,6;4300;56,9;25571000;0,016815924289234
Senegal;2013;SEN2013;2;46;80;Yes;1050;46,6;618189;39;47;73;22;1;1100;58,3;15851000;0,006939625260236
Senegal;2012;SEN2012;2;44;78;Yes;1040;46,1;618189;39;46;71;22;1;1100;58,3;15851000;0,006939625260236
Guatemala;2000;GTM2000;2;94;15;Yes;1660;62,9;591990;35;59;109;11,7;2,1;3200;57,2;16914000;0,01891923850065
Papua New Guinea;2000;PNG2000;2;26;2;Yes;600;18,9;280534;34;19;12;51,2;21,5;4500;52,7;8251000;0,054538843776512
Romania;2000;ROU2000;3;73;5;No;1720;78,3;195860;10;82;98;53;27;1000;63;19586000;0,005105687736138
Gambia;2013;GMB2013;3;29;98;Yes;510;58,8;90343;43;43;184;24,9;0,8;1300;53,8;2101000;0,061875297477392
Gambia;2012;GMB2012;3;31;96;Yes;510;58,7;90027,85;42,85;44;178;24,9;0,8;1300;53,8;2101000;0,061875297477392
mibia;2012;M2012;2;472;60;Yes;5510;33,1;76020;30;33;3;36;12;9600;57,5;2534000;0,378847671665351
mibia;2013;M2013;2;423;70;Yes;5800;33,6;76020;30;100;3;37;12;9600;57,5;2534000;0,378847671665351
Georgia;2000;GEO2000;4;45;2;Yes;750;88,1;44580;12;96;77;63;7;500;64,1;3715000;0,013458950201884
Djibouti;2013;DJI2013;3;137;82;Yes;1400;47,3;23925;25;51;39;38,9;7,4;500;55,8;957000;0,052246603970742
Tuvalu;2000;TUV2000;5;161;10;No;4420;83,3;239,58;21,78;91;315;50,8;22,7;70;66,9;11000;0,636363636363636
Uganda;2012;UGA2012;2;57;45;Yes;610;18,5;1885972;44;18;181;18;3;52000;54;42863000;0,121316753377038
Uganda;2013;UGA2013;2;59;45;Yes;620;18,8;1843109;43;19;187;17;3;52000;54;42863000;0,121316753377038
Gha;2000;GHA2000;3;12;39;Yes;340;14,4;1009190;35;11;83;9;1;30000;50,2;28834000;0,104043837136714
Yemen;2013;YEM2013;3;74;73;Yes;1240;53,3;932250;33;57;48;26,2;6,8;1100;57,7;28250000;0,003893805309735
Madagascar;2012;MDG2012;2;15;70;Yes;430;11,6;894985;35;9;38;26,6;1,6;4300;56,9;25571000;0,016815924289234
Burundi;2013;BDI2013;3;21;96;Yes;280;47,8;478016;44;50;374;24,6;9,8;2200;52,2;10864000;0,020250368188513
Papua New Guinea;2012;PNG2012;3;97;4;Yes;2380;18,9;239279;29;19;16;51,2;21,5;2800;56,4;8251000;0,033935280572052
Sao Tome and Principe;2000;STP2000;2;46;91;Yes;1270;34,4;8160;40;21;144;6,9;1,2;2000;54,8;204000;0,980392156862745
Kiribati;2013;KIR2013;2;166;40;Yes;2840;39,7;3364;29;40;134;66;42;400;58,7;116000;0,344827586206897
United Republic of Tanzania;2012;TZA2012;2;42;78;Yes;770;14;2292400;40;20;55;29;4;55000;54,2;57310000;0,095969289827255
Mozambique;2013;MOZ2013;3;40;45;Yes;590;20,3;1186760;40;22;34;33;6;83000;49,6;29669000;0,279753277832081
Cote d'Ivoire;2000;CIV2000;3;40;1;Yes;640;21,6;996095;41;22;52;18,7;1,8;62000;41,9;24295000;0,255196542498456
Burki Faso;2000;BFA2000;3;12;75;Yes;250;18,6;882878;46;10;42;24;9;7700;43,4;19193000;0,040118793310061
Burki Faso;2012;BFA2012;3;40;80;Yes;650;18,6;786913;41;20;61;33;5;3400;52,6;19193000;0,017714791851196
Zambia;2013;ZMB2013;3;93;70;Yes;1730;43,5;683760;40;30;20;27;5;59000;53,7;17094000;0,345150345150345
Uzbekistan;2000;UZB2000;2;29;75;Yes;630;100;677502;21;89;58;30;2;7700;60;32262000;0,023867088215238
Burundi;2012;BDI2012;3;21;96;Yes;260;47,5;478016;44;49;363;24,6;9,8;2200;52,2;10864000;0,020250368188513
Togo;2000;TGO2000;3;14;25;Yes;290;11,5;304122;39;11;91;13,8;1,5;14000;47,7;7798000;0,179533213644524
Eritrea;2012;ERI2012;2;15;85;Yes;210;15,3;161064;36;11;;11,3;0,6;1000;55,7;4474000;0,022351363433169
Eritrea;2013;ERI2013;2;17;90;Yes;210;15,4;155695,2;34,8;11;;11,3;0,6;1000;55,7;4474000;0,022351363433169
Turkmenistan;2012;TKM2012;3;128;1;No;5560;11,5;126676;22;96;11;36,8;3,1;10000;59,8;5758000;0,173671413685307
Turkmenistan;2013;TKM2013;3;158;1;No;6530;11,6;120918;21;96;11;36,8;3,1;10000;59,8;5758000;0,173671413685307
Equatorial Guinea;2012;GNQ2012;3;769;8;No;13760;74,9;45648;36;75;37;16,4;1,5;2300;51,3;1268000;0,181388012618297
Swaziland;2012;SWZ2012;2;265;57;Yes;3930;57,5;41570,47;30,41;56;73;18;2;8800;50,9;1367000;0,643745427944404
Swaziland;2013;SWZ2013;2;256;59;Yes;4010;57,5;41010;30;57;74;18;2;8800;50,9;1367000;0,643745427944404
Djibouti;2012;DJI2012;3;139;80;Yes;1400;47,3;24882;26;51;38;38,9;7,4;500;55,8;957000;0,052246603970742
Kiribati;2012;KIR2012;2;177;35;Yes;2450;39,7;3364;29;40;132;67;43;400;58,7;116000;0,344827586206897
Micronesia (Federated States of);2000;FSM2000;3;170;49;Yes;2060;57;3180;30;68;153;39,4;11,5;700;60,2;106000;0,660377358490566
Pakistan;2013;PAK2013;4;37;66;Yes;1360;60;5910480;30;55;236;41;4;19000;57,8;197016000;0,009643886790921
Ethiopia;2013;ETH2013;3;25;63;Yes;470;25,5;3463581;33;7;95;9;1;30000;56,1;104957000;0,028583134045371
Kenya;2000;KEN2000;3;19;60;Yes;420;29,6;1988000;40;31;55;31;3;120000;45,5;49700000;0,241448692152917
Sudan;2013;SDN2013;3;115;30;Yes;1220;23,6;1337589;33;32;21;8,3;1;5000;55,9;40533000;0,012335627760097
Mozambique;2012;MOZ2012;3;33;40;Yes;520;19,8;1186760;40;21;33;33;6;83000;49,6;29669000;0,279753277832081
Myanmar;2012;MMR2012;3;20;1;No;1140;79,4;1014049;19;66;78;35;8;11000;59,1;53371000;0,020610443874014
Myanmar;2013;MMR2013;3;14;1;No;1230;79,5;960678;18;65;79;34;7;11000;59,1;53371000;0,020610443874014
Burki Faso;2013;BFA2013;3;46;85;Yes;690;19;786913;41;21;62;34;5;3400;52,6;19193000;0,017714791851196
Zambia;2012;ZMB2012;3;84;65;Yes;1670;43,2;700854;41;30;20;27;5;59000;53,7;17094000;0,345150345150345
Togo;2012;TGO2012;3;48;30;Yes;470;11,5;288526;37;13;126;13,8;1,5;4100;52,8;7798000;0,052577583995896
Togo;2013;TGO2013;3;54;30;Yes;490;11,6;281351,84;36,08;14;129;13,8;1,5;4100;52,8;7798000;0,052577583995896
Gambia;2000;GMB2000;3;23;90;Yes;680;58,7;94545;45;55;122;24,9;0,8;2000;49;2101000;0,095192765349833
Mongolia;2000;MNG2000;2;22;5;No;470;57,9;58444;19;48;2;57;9;100;56,7;3076000;0,003250975292588
Equatorial Guinea;2000;GNQ2000;3;55;5;No;760;74,9;51988;41;80;22;16,4;1,5;1700;46,1;1268000;0,134069400630915
Timor-Leste;2012;TLS2012;2;68;1;No;4090;39,8;50544;39;41;78;61;21;5000;61,1;1296000;0,385802469135802
Timor-Leste;2013;TLS2013;2;59;1;No;3570;40,1;49248;38;42;80;61;21;5000;61,1;1296000;0,385802469135802
Equatorial Guinea;2013;GNQ2013;3;714;10;No;13630;74,5;44380;35;75;39;16,4;1,5;2300;51,3;1268000;0,181388012618297
Republic of Moldova;2000;MDA2000;5;23;1;Yes;370;75,8;38984;11;72;127;41;6;1000;60,4;3544000;0,028216704288939
Kiribati;2000;KIR2000;2;65;30;Yes;1330;39,7;3596;31;30;104;82;51;400;56,8;116000;0,344827586206897
Ethiopia;2012;ETH2012;4;22;38;Yes;410;24,3;3463581;33;6;92;9;1;30000;56,1;104957000;0,028583134045371
Uganda;2000;UGA2000;2;19;40;Yes;270;18,5;2100287;49;15;120;28;5;95000;40;42863000;0,221636376361897
Sudan;2012;SDN2012;3;113;25;Yes;1720;23,5;1378122;34;31;20;8,3;1;5000;55,9;40533000;0,012335627760097
Mozambique;2000;MOZ2000;3;15;30;Yes;280;19,8;1335105;45;12;23;43;8;160000;42,3;29669000;0,53928342714618
Afghanistan;2013;AFG2013;4;55;30;Yes;670;31,1;1243550;35;37;49;22,9;2,8;1000;52,3;35530000;0,002814522938362
Bolivia (Pluritiol State of);2000;BOL2000;3;60;30;Yes;990;48,4;342612;31;38;8;51;26;1900;55,7;11052000;0,017191458559537
Comoros;2012;COM2012;3;54;20;No;810;34,2;28490;35;33;389;24;7;100;55,9;814000;0,012285012285012
Comoros;2013;COM2013;3;51;20;No;830;35;27676;34;34;398;24;7;100;55,9;814000;0,012285012285012
Bhutan;2000;BTN2000;3;52;10;No;770;49,4;22624;28;53;14;16,7;3,5;40000;52,9;808000;4,95049504950495
Pakistan;2012;PAK2012;4;34;65;Yes;1260;58,3;5910480;30;53;231;41;4;19000;57,8;197016000;0,009643886790921
United Republic of Tanzania;2000;TZA2000;3;10;70;Yes;300;14;2407020;42;7;39;38;5;130000;43;57310000;0,226836503228058
Afghanistan;2012;AFG2012;4;58;15;Yes;670;30,5;1279080;36;36;47;22,9;2,8;500;52,3;35530000;0,001407261469181
Nepal;2000;NPL2000;4;12;1;Yes;230;41,1;937760;32;19;166;46;24;5300;55,1;29305000;0,018085650912814
Cameroon;2012;CMR2012;3;61;84;Yes;1390;45,2;914052;38;39;45;34;1;32000;50,3;24054000;0,133034006817993
Cameroon;2013;CMR2013;3;67;88;Yes;1450;45,4;889998;37;39;46;39;1;32000;50,3;24054000;0,133034006817993
Malawi;2000;MWI2000;3;9;85;Yes;150;39,7;819368;44;34;121;33;10;36000;37,4;18622000;0,193319729352379
Lao People's Democratic Republic;2012;LAO2012;3;27;68;Yes;1350;64,6;188114,94;27,43;64;28;60;11;1000;57,9;6858000;0,014581510644503
Lao People's Democratic Republic;2013;LAO2013;3;32;70;Yes;1590;67,6;185166;27;67;28;59;10;1000;57,9;6858000;0,014581510644503
Liberia;2013;LBR2013;3;44;40;Yes;370;16,4;170352;36;16;45;26;3;2900;52,7;4732000;0,061284868977177
Liberia;2012;LBR2012;3;39;30;Yes;340;16,1;170352;36;16;43;25;3;2900;52,7;4732000;0,061284868977177
Mauritania;2000;MRT2000;3;25;1;Yes;520;38,2;167960;38;23;3;24;6;500;52;4420000;0,01131221719457
Turkmenistan;2000;TKM2000;2;44;1;No;600;11,5;138192;24;95;10;36,8;3,1;10000;57,3;5758000;0,173671413685307
Lesotho;2013;LSO2013;4;123;25;Yes;1490;29,8;64757;29;39;70;51;1;21000;46,6;2233000;0,940438871473354
Lesotho;2012;LSO2012;4;138;18;Yes;1550;29,3;64757;29;37;69;50;1;21000;46,6;2233000;0,940438871473354
Djibouti;2000;DJI2000;3;44;70;Yes;770;47,3;29667;31;51;31;38,9;7,4;1700;50,3;957000;0,177638453500522
India;2000;IND2000;3;20;5;No;440;37,5;34818680;26;22;354;36;7;250000;54,2;1339180000;0,0186681402052
Bangladesh;2000;BGD2000;4;9;20;Yes;420;57,7;4610760;28;25;1011;64;6;500;56,3;164670000;0,000303637578187
Yemen;2000;YEM2000;3;26;60;Yes;370;53,3;1101750;39;41;34;26,2;6,8;500;53;28250000;0,001769911504425
Niger;2013;NER2013;3;27;5;Yes;400;10,5;1073850;50;12;15;17;1;1800;54,2;21477000;0,008381058807096
Cote d'Ivoire;2012;CIV2012;3;80;1;Yes;1240;21,6;923210;38;28;67;18,7;1,8;20000;47;24295000;0,082321465322083
Guinea;2012;GIN2012;3;22;5;No;630;18,9;483246;38;19;46;12,5;2;8300;51,7;12717000;0,06526696547928
Guinea;2013;GIN2013;3;25;10;No;650;19,4;470529;37;20;47;12,5;2;8300;51,7;12717000;0,06526696547928
Benin;2000;BEN2000;3;15;60;Yes;390;18,4;469392;42;10;61;12;2;6200;48,1;11176000;0,055476020042949
Benin;2012;BEN2012;3;37;67;Yes;820;18,4;413512;37;13;86;16;1;3600;52,5;11176000;0,032211882605583
Benin;2013;BEN2013;3;37;70;Yes;890;19;407253,44;36,44;13;89;16;1;3600;52,5;11176000;0,032211882605583
Tajikistan;2000;TJK2000;2;7;1;No;170;94,4;267630;30;90;44;30;2,6;1000;56,6;8921000;0,0112095056608
Mauritania;2013;MRT2013;3;48;20;Yes;1410;39,5;150280;34;42;4;40;4;500;55,1;4420000;0,01131221719457
Azerbaijan;2000;AZE2000;3;30;20;Yes;610;84,7;148020;15;66;97;59;1;500;59,3;9868000;0,005066882853668
Kyrgyzstan;2000;KGZ2000;3;13;10;Yes;280;93;123460;20;92;26;51;5;500;59,7;6173000;0,008099789405475
Lesotho;2000;LSO2000;4;29;10;Yes;630;29,3;71456;32;7;62;35;1;26000;43,1;2233000;1,16435288849082
Comoros;2000;COM2000;3;13;15;No;420;34,2;30118;37;27;291;31;14;100;52,1;814000;0,012285012285012
Pakistan;2000;PAK2000;4;15;60;Yes;490;58,3;6304512;32;32;180;37;8;200;54,2;197016000;0,000101514597799
Sudan;2000;SDN2000;3;15;20;Yes;330;23,5;1621320;40;21;15;8,3;1;2600;50,9;40533000;0,00641452643525
Angola;2013;AGO2013;3;267;9;Yes;4350;50,6;1370064;46;37;21;16,7;1,6;25000;45,9;29784000;0,083937684662906
Myanmar;2000;MMR2000;3;3;1;No;1140;79,4;1334275;25;70;71;57;16;37000;54,7;53371000;0,06932603848532
Niger;2012;NER2012;3;24;4;Yes;390;10,1;1073850;50;11;14;16;1;1800;54,2;21477000;0,008381058807096
Madagascar;2000;MDG2000;2;12;60;Yes;250;11,6;1048411;41;5;27;26,6;1,6;2300;50,2;25571000;0,008994564154707
Cote d'Ivoire;2013;CIV2013;3;87;1;Yes;1340;22;906689,4;37,32;29;69;18,7;1,8;20000;47;24295000;0,082321465322083
Mali;2012;MLI2012;3;42;68;Yes;930;23,3;834390;45;29;13;33;3;5900;51,1;18542000;0,031819652680401
Mali;2013;MLI2013;3;53;71;Yes;770;23,8;815848;44;30;14;34;3;5900;51,1;18542000;0,031819652680401
Burundi;2000;BDI2000;3;7;96;Yes;130;47,5;456288;42;41;249;24,6;9,8;11000;43,6;10864000;0,101251840942563
Sierra Leone;2013;SLE2013;3;96;92;Yes;650;13;279609;37;14;96;56;12;5300;44,4;7557000;0,070133650919677
Sierra Leone;2012;SLE2012;3;69;92;Yes;530;12,8;279609;37;14;94;55;13;5300;44,4;7557000;0,070133650919677
Eritrea;2000;ERI2000;3;7;80;Yes;210;15,3;156590;35;8;34;11,3;0,6;1700;38,8;4474000;0,037997317836388
Mauritania;2012;MRT2012;3;44;1;Yes;1310;38,2;150280;34;40;4;39;4;500;55,1;4420000;0,01131221719457
Guinea-Bissau;2013;GNB2013;4;32;8;Yes;620;20,5;70718;38;20;60;12,5;2;1300;51,5;1861000;0,069854916711446
Guinea-Bissau;2012;GNB2012;4;31;3;Yes;610;20,2;70718;38;20;58;12,5;2;1300;51,5;1861000;0,069854916711446
Senegal;2000;SEN2000;3;22;70;Yes;510;46,1;618189;39;39;51;18;1;5300;50,4;15851000;0,033436376253864
South Sudan;2012;SSD2012;4;25;1;No;830;6,6;477888;38;8;21;8,3;1;16000;49,9;12576000;0,127226463104326
Haiti;2012;HTI2012;3;73;10;Yes;750;26,7;285506;26;29;373;21;3;7900;55,4;10981000;0,071942446043166
Haiti;2013;HTI2013;3;77;15;Yes;800;27,1;274525;25;29;379;21;3;7900;55,4;10981000;0,071942446043166
Swaziland;2000;SWZ2000;2;75;45;Yes;1580;57,5;45111;33;49;62;16;3;17000;42;1367000;1,24359912216533
Angola;2012;AGO2012;3;190;5;Yes;3820;49,1;1370064;46;36;20;16,7;1,6;25000;45,9;29784000;0,083937684662906
Cameroon;2000;CMR2000;3;26;80;Yes;680;45,2;986214;41;40;32;12;1;60000;44,7;24054000;0,249438762783737
Zambia;2000;ZMB2000;3;23;60;Yes;330;43,2;769230;45;26;14;31;6;81000;38,3;17094000;0,473850473850474
Guinea;2000;GIN2000;3;12;5;No;380;18,9;546831;43;9;36;12,5;2;9400;45,7;12717000;0,073916804277739
South Sudan;2013;SSD2013;4;18;1;No;990;6,7;465312;37;9;21;8,3;1;16000;49,9;12576000;0,127226463104326
Nigeria;2000;NGA2000;3;17,2;2;Yes;270;29,9;8208098;43;36;134;11;2;340000;41;190886000;0,178116781744078
Ethiopia;2000;ETH2000;4;5;25;Yes;120;24,3;4618108;44;3;67;9;1;85000;44,3;104957000;0,080985546461884
Liberia;2000;LBR2000;3;11;20;Yes;150;16,1;203476;43;13;30;18;4;4500;43,9;4732000;0,095097210481826
Central African Republic;2000;CAF2000;4;11;15;Yes;250;21,5;186360;40;15;6;15,9;1,5;12000;39,8;4659000;0,25756600128783
Nigeria;2012;NGA2012;4;90,5;4;Yes;2480;29,9;7721338,7;40,45;33;184;16;1;220000;47,7;190886000;0,115252035246168
Nigeria;2013;NGA2013;4;109,4;5;Yes;2700;29,6;7635440;40;33;189;16;1;220000;47,7;190886000;0,115252035246168
Cambodia;2000;KHM2000;3;17;20;Yes;300;37,2;448140;28;12;69;51;8;8800;45,5;16005000;0,054982817869416
Timor-Leste;2000;TLS2000;3;18;1;No;4090;39,8;57024;44;41;58;61;21;5000;52,2;1296000;0,385802469135802
Chad;2000;TCD2000;3;10;5;No;180;12;759900;51;10;7;14,1;2,3;11000;40,9;14900000;0,073825503355705
Haiti;2000;HTI2000;3;26;5;Yes;470;26,7;340411;31;17;310;18;4;11000;51,2;10981000;0,100173026136053
Lao People's Democratic Republic;2000;LAO2000;4;11;60;Yes;280;64,6;219456;32;28;23;74;21;1000;51;6858000;0,014581510644503
Central African Republic;2012;CAF2012;5;18;23;Yes;500;21,5;158406;34;25;7;15,9;1,5;8700;45,9;4659000;0,186735350933677
Guinea-Bissau;2000;GNB2000;4;16;1;Yes;200;20,2;76301;41;12;44;12,5;2;4500;45,4;1861000;0,241805480924234
Mali;2000;MLI2000;3;16;60;Yes;280;23,3;908558;49;19;9;21;4;11000;43,3;18542000;0,059324776183799
Sierra Leone;2000;SLE2000;3;21;75;Yes;140;12,8;347622;46;10;63;40;21;5300;34,2;7557000;0,070133650919677
Central African Republic;2013;CAF2013;5;13;47;Yes;330;21,6;158406;34;25;7;15,9;1,5;8700;45,9;4659000;0,186735350933677
Niger;2000;NER2000;3;9;2;Yes;170;10,1;1138281;53;6;9;9;1;7600;43,6;21477000;0,035386692741072
Rwanda;2000;RWA2000;3;9;90;Yes;240;59,1;488320;40;44;325;16,3;7;22000;40;12208000;0,180209698558322
Chad;2012;TCD2012;4;37;5;No;960;12;685400;46;10;10;14,1;2,3;4800;46,1;14900000;0,032214765100671
Chad;2013;TCD2013;4;37;5;No;980;12;685400;46;10;10;14,1;2,3;4800;46,1;14900000;0,032214765100671
Angola;2000;AGO2000;3;22;3;Yes;360;49,1;1459416;49;20;13;16,7;1,6;15000;39,3;29784000;0,050362610797744
