CODE;NDC;HE;PPV;RVC ;GNI;PBSF ;PB ;BR;PISF ;DD;PMS ;PFS ;HIV;LE ;TP;PPHIV 
USA2000;0,227545215011577;4818;90;Yes;36070;100;4557336;14;100;31;28;23;1600;67,2;325524000;0,00049151521854
USA2012;0,172859270805966;8845;92;Yes;52540;100;4101602,4;12,6;100;34;21;16;1600;69,1;325524000;0,00049151521854
USA2013;0,190511695089327;9146;92;Yes;53660;100;4036497,6;12,4;100;35;21;15;1600;69,1;325524000;0,00049151521854
COG2013;0,377793579170515;131;85;Yes;2330;14,8;3009580;37;15;31;37;2;200000;56,6;81340000;0,24588148512417
COG2012;0,459532559360442;125;10;Yes;2060;14,6;3009580;37;15;14;32;2;200000;56,6;81340000;0,24588148512417
JPN2000;0,317608217103641;2865;80;Yes;36230;100;1139769;9;100;348;51;14;20000;72,7;126641000;0,015792673778634
JPN2012;0,210889973019565;4787;90;Yes;49480;100;1038456,2;8,2;100;350;36;11;20000;74,9;126641000;0,015792673778634
JPN2013;0,201260293886252;3966;95;Yes;48280;100;1038456,2;8,2;100;350;35;11;20000;74,9;126641000;0,015792673778634
FRA2000;0,06873962461291;2209;85;Yes;25150;98,7;872859;13;99;111;38;28;6200;69,7;67143000;0,009234022906334
FRA2012;0,042553100950849;4644;89;Yes;43020;98,7;846001,8;12,6;99;120;31;26;6000;72,6;67143000;0,008936151199678
GBR2012;0,165687061639374;3595;92;Yes;41200;99,2;844966,4;12,8;99;263;22;20;10000;71,4;66013000;0,015148531349886
FRA2013;0,04684272806283;4864;89;Yes;43380;98,7;832573,2;12,4;99;121;31;26;6000;72,6;67143000;0,008936151199678
GBR2013;0,155241147717836;3598;93;Yes;42340;99,2;798757,3;12,1;99;265;21;19;10000;71,4;66013000;0,015148531349886
GBR2000;0,236064613535718;1761;85;Yes;28880;99,2;792156;12;99;243;31;29;10000;68,6;66013000;0,015148531349886
DEU2000;0,094183623082522;2387;80;Yes;26210;99,2;743229;9;99;236;38;30;2400;68,7;82581000;0,002906237512261
DEU2012;0,066312959109123;4717;86;Yes;46710;99,2;693680,4;8,4;99;231;34;29;2400;71,3;82581000;0,002906237512261
DEU2013;0,078783547019115;5006;86;Yes;47410;99,2;685422,3;8,3;99;231;33;29;2400;71,3;82581000;0,002906237512261
KOR2000;0,354415311937814;504;85;Yes;24640;100;668707;13;100;487;62;6;20000;68,1;51439000;0,038881004685161
ITA2000;0,090804028396896;1527;80;Yes;21820;99,5;605700;10;99;194;33;20;8200;70;60570000;0,01353805514281
ITA2012;0,047695045218572;3114;82;Yes;36000;99,5;545130;9;99;202;29;20;3600;72,8;60570000;0,00594353640416
MYS2012;0,418520557729796;418;70;No;10150;95,9;537608;17;99;89;45;2;5700;66,5;31624000;0,018024285352897
MYS2013;0,416660466362108;423;90;No;10760;96;537608;17;99;90;44;2;5700;66,5;31624000;0,018024285352897
ITA2013;0,04078897532267;3155;87;Yes;35370;99,5;514845;8,5;99;205;29;20;3600;72,8;60570000;0,00594353640416
KOR2012;0,072901883784677;1724;93;Yes;24640;100;493814,4;9,6;100;516;52;4;20000;73,2;51439000;0,038881004685161
ESP2000;0,107619457597934;1045;90;Yes;15790;99,9;464600;10;100;81;45;32;4200;69,2;46460000;0,009040034438226
ESP2012;0,062130820881281;2626;90;Yes;29760;99,9;450662;9,7;100;94;34;28;3900;72,4;46460000;0,008394317692639
KOR2013;0,076857799959039;1880;95;Yes;25870;100;442375,4;8,6;100;517;51;4;20000;73,2;51439000;0,038881004685161
ESP2013;0,054401044500054;2581;99;Yes;29400;99,9;422786;9,1;100;93;33;27;3900;72,4;46460000;0,008394317692639
CAN2012;0,089387028452388;5763;73;Yes;50900;99,8;402743;11;99;4;20;14;300;72,3;36613000;0,000819381094147
CAN2000;0,119182704603184;2100;70;Yes;22610;99,8;402743;11;99;3;29;27;300;69,8;36613000;0,000819381094147
CAN2013;0,090207092933602;5718;79;Yes;52620;99,8;399081,7;10,9;99;4;20;13;300;72,3;36613000;0,000819381094147
POL2012;0,219395158889108;859;90;No;13300;95,7;382870,8;10,1;96;124;35;26;20000;68,7;37908000;0,052759312018571
POL2000;0,480109739368999;247;90;No;4660;95,7;379080;10;87;125;47;38;20000;65,3;37908000;0,052759312018571
POL2013;0,31274849907916;895;95;No;13520;96,5;367707,6;9,7;96;124;34;25;20000;68,7;37908000;0,052759312018571
AUS2012;0,113463250746021;6393;91;Yes;59840;100;334910,2;13,7;100;3;18;15;1100;71,9;24446000;0,004499713654586
AUS2013;0,123027030884091;6110;91;Yes;65640;100;325131,8;13,3;100;3;18;14;1000;71,9;24446000;0,004090648776896
AUS2000;0,12271946330688;1714;90;Yes;21130;100;317798;13;100;2;27;23;1000;69,3;24446000;0,004090648776896
CHL2012;0,225501444000475;1106;79;Yes;14410;98,8;252770;14;99;23;42;37;5000;70,5;18055000;0,027693159789532
CHL2013;0,319536459109984;1204;82;Yes;15360;99;234715;13;99;23;42;37;5000;70,5;18055000;0,027693159789532
NLD2000;0,126155107704923;1932;96;Yes;28460;97,8;221949;13;98;472;37;31;1100;69,2;17073000;0,006442921572073
ISR2000;0,073296894305878;1490;90;Yes;19270;100;191004;22;100;291;44;23;7000;69,7;8682000;0,080626583736466
ISR2012;0,090651582243381;2393;93;Yes;32180;100;187531,2;21,6;100;366;42;20;7000;72,8;8682000;0,080626583736466
ISR2013;0,059483059765334;2599;94;Yes;34310;100;184926,6;21,3;100;372;42;20;7000;72,8;8682000;0,080626583736466
NLD2012;0,105987454432367;5836;96;Yes;52500;97,8;179266,5;10,5;98;497;28;25;500;72,2;17073000;0,002928600714579
NLD2013;0,06316589776542;6145;96;Yes;52330;97,8;174144,6;10,2;98;499;27;25;500;72,2;17073000;0,002928600714579
ARE2000;0,206117021276596;753;90;Yes;40390;97,5;150400;16;100;38;18,1;2,5;4000;65,4;9400000;0,042553191489362
BEL2012;0,022851223302154;4742;93;Yes;47190;99,5;131284;11,5;99;368;28;21;300;71,1;11416000;0,002627890679748
BEL2013;0,203348683551907;5093;93;Yes;47330;99,5;127859,2;11,2;99;369;28;21;300;71,1;11416000;0,002627890679748
BEL2000;0,063706440721157;1845;92;Yes;26040;99,5;125576;11;99;339;36;24;300;68;11416000;0,002627890679748
PRT2000;0,210642296973232;1064;80;No;12140;99,5;123432;12;97;112;36;16;210;67,6;10286000;0,002041609955279
SWE2012;0,084278019702515;5293;98;Yes;58240;99,3;118654,9;11,9;99;23;22;23;1000;72;9971000;0,010029084344599
BLR2013;0,270042194092827;463;5;No;7010;94,4;118500;12,5;94;47;48;11;1800;65,2;9480000;0,018987341772152
SWE2013;0,101990688250163;5680;98;Yes;60920;99,3;117657,8;11,8;99;24;21;22;1000;72;9971000;0,010029084344599
BLR2012;0,311267897904129;339;5;No;6620;94,4;115656;12,2;94;47;49;11;1800;65,2;9480000;0,018987341772152
CZE2012;0,165317644076623;1411;60;Yes;19350;99,1;108881,3;10,3;99;136;38;29;500;69,5;10571000;0,004729921483303
CZE2013;0,268956319638819;1367;70;Yes;19270;99,1;107824,2;10,2;99;136;37;29;500;69,5;10571000;0,004729921483303
GRC2000;0,242401640872646;918;32;Yes;13330;99;107260;10;97;84;63;42;1000;69,5;10726000;0,009323140033563
ARE2012;0,328820116054159;1235;96;Yes;40390;97,5;103400;11;100;106;18,1;2,5;4000;68,3;9400000;0,042553191489362
ARE2013;0,328820116054159;1569;99;Yes;44200;97,5;103400;11;100;108;18,1;2,5;4000;68,3;9400000;0,042553191489362
SWE2000;0,070203590412195;2282;92;Yes;31220;99,3;99710;10;99;22;33;35;500;69,7;9971000;0,0050145421723
GRC2012;0,215149385389922;2070;32;Yes;23500;99;97606,6;9,1;98;86;54;34;1000;71,9;10726000;0,009323140033563
KWT2000;0,357326775336045;494;90;Yes;17930;100;95151;23;100;115;35;11;100;64;4137000;0,002417210539038
CZE2000;0,24175154247995;361;50;Yes;6310;99,1;95139;9;99;133;41;30;100;65,8;10571000;0,000945984296661
CHE2000;0,064619659454395;3541;60;Yes;43460;99,9;92851;11;100;182;35;26;4000;69,9;8441000;0,047387750266556
GRC2013;0,271021512603584;2146;32;Yes;22540;99;92243,6;8,6;98;85;54;34;1000;71,9;10726000;0,009323140033563
LBN2013;0,475456808950618;631;80;No;8450;80,7;90439,34;14,87;92;516;44;29;200;65,7;6082000;0,003288391976324
HUN2012;0,33691398024561;999;90;Yes;12910;98;89043,5;9,1;98;110;35;27;1000;67,4;9785000;0,01021972406745
HUN2013;0,295236473059672;1056;92;Yes;13430;98;88065;9;98;109;34;26;1000;67,4;9785000;0,01021972406745
AUT2000;0,091220068415051;2406;85;Yes;26790;100;87700;10;100;97;46;41;240;69;8770000;0,002736602052452
PRT2012;0,022875181571754;2000;80;No;21150;99,5;87431;8,5;99;115;32;14;210;71,4;10286000;0,002041609955279
CHE2012;0,034505643397978;9071;65;Yes;84500;99,9;86942,3;10,3;100;192;28;21;4000;73,1;8441000;0,047387750266556
KWT2012;0,425889475925734;1446;99;Yes;49950;100;86877;21;100;191;35;11;100;65,7;4137000;0,002417210539038
KWT2013;0,494952634183961;1507;99;Yes;51990;100;86877;21;100;202;35;11;100;65,7;4137000;0,002417210539038
CHE2013;0,046458578692702;9276;75;Yes;88460;99,9;86098,2;10,2;100;205;28;21;4000;73,1;8441000;0,047387750266556
LBN2012;0,493258796448537;663;50;No;8530;80,7;85148;14;91;481;43;29;200;65,7;6082000;0,003288391976324
AUT2013;0,036390984740047;5427;91;Yes;50750;100;82438;9,4;100;103;37;36;240;72;8770000;0,002736602052452
AUT2012;0,084912297726777;5206;90;Yes;50060;100;82438;9,4;100;102;37;36;240;72;8770000;0,002736602052452
PRT2013;0,036918805701248;2037;90;No;21340;99,6;81259,4;7,9;99;114;32;14;210;71,4;10286000;0,002041609955279
SGP2000;0,213482017279486;662;45;Yes;23670;100;79632;14;100;6012;27;6;1000;70;5688000;0,017580872011252
IRL2012;0,02645660125272;4079;91;Yes;41720;90,3;75595,5;15,7;91;67;24;24;500;71,5;4815000;0,010384215991693
DNK2000;0,066878001150302;2613;80;Yes;32660;99,6;74763;13;100;126;42;35;1000;67,9;5751000;0,017388280299078
CRI2012;0,421252887620601;952;89;Yes;9210;94,3;73590;15;97;91;20;9;1000;69,8;4906000;0,020383204239707
CRI2013;0,489196901752956;1005;94;Yes;9810;94,5;73590;15;97;92;20;9;1000;69,8;4906000;0,020383204239707
IRL2013;0,096919349255798;4233;91;Yes;44240;90,4;72225;15;92;67;24;24;500;71,5;4815000;0,010384215991693
NZL2000;0,323761261261261;1056;89;Yes;14080;95,3;71040;15;100;15;18,6;17,8;2000;69,1;4736000;0,04222972972973
NOR2000;0,13089576334046;3165;90;Yes;36560;98,1;68757;13;98;12;43;41;2000;69,3;5289000;0,037814331631688
IRL2000;0,163180537012313;1593;91;Yes;24100;90,3;67410;14;89;55;33;31;500;67,4;4815000;0,010384215991693
NZL2012;0,487149009138915;3954;93;Yes;36720;98,3;65688,32;13,87;100;17;18,6;17,8;2000;71,6;4736000;0,04222972972973
SRB2012;0,474090930640497;556;80;No;5700;96,5;65388,3;9,3;95;82;46;40;500;67,7;7031000;0,007111363959607
SRB2013;0,432865632323932;475;90;No;6050;96,5;64685,2;9,2;95;82;45;40;500;67,7;7031000;0,007111363959607
NOR2012;0,094535829079221;9312;93;Yes;99100;98,1;63468;12;98;14;26;25;2000;72;5289000;0,037814331631688
NZL2013;0,255937755937756;4063;93;Yes;39850;98,4;62515,2;13,2;100;17;18,6;17,8;2000;71,6;4736000;0,04222972972973
NOR2013;0,016299280875728;9715;93;Yes;104190;98,1;61352,4;11,6;98;14;25;24;2000;72;5289000;0,037814331631688
FIN2012;0,065995710278832;4158;92;Yes;48670;97,6;60610;11;99;18;25;20;700;71;5510000;0,012704174228675
FIN2000;0,08249463784854;1700;90;Yes;26420;97,6;60610;11;99;17;34;26;700;67,9;5510000;0,012704174228675
DNK2012;0,016719500287575;6204;90;Yes;61650;99,6;59810,4;10,4;100;133;21;19;1000;71,2;5751000;0,017388280299078
FIN2013;0,050884542971997;4449;92;Yes;49220;97,6;58957;10,7;99;18;24;20;700;71;5510000;0,012704174228675
DNK2013;0,017388280299078;6270;93;Yes;63200;99,6;57510;10;100;134;20;17;1000;71,2;5751000;0,017388280299078
SGP2012;0,400356491345337;2287;52;Yes;51110;100;57448,8;10,1;100;7525;28;5;1000;73,9;5688000;0,017580872011252
SGP2013;0,264658288341424;2507;60;Yes;54700;100;52898,4;9,3;100;7637;28;5;1000;73,9;5688000;0,017580872011252
QAT2000;0,159550068805967;652;89;Yes;75850;98;50141;19;100;51;19,4;1,4;100;65,5;2639000;0,003789314134142
URY2013;0,433902227364767;1431;93;Yes;15580;96,1;48398;14;95;19;29;21;1000;67,9;3457000;0,028926815157651
HRV2012;0,098234239544193;950;90;No;13460;97,1;40719;9,8;97;76;39;32;100;69,4;4155000;0,002406738868833
HRV2013;0,281639654863405;982;99;No;13470;97,1;39057;9,4;97;76;39;33;100;69,4;4155000;0,002406738868833
BHR2000;0,091335322413688;476;95;Yes;10940;99,2;32846;22;100;936;18;5;100;64,9;1493000;0,00669792364367
QAT2012;0,252620942276115;2029;92;Yes;75850;98;31668;12;100;182;19,4;1,4;100;67,8;2639000;0,003789314134142
BIH2012;0,443557329784875;446;5;No;4830;94,8;31563;9;95;71;49;31;1000;68,6;3507000;0,028514399771885
BIH2013;0,411874663371669;449;5;No;5180;94,8;31563;9;95;70;48;31;1000;68,6;3507000;0,028514399771885
QAT2013;0,253890394247351;2043;99;Yes;81810;98;31509,66;11,94;100;194;19,4;1,4;100;67,8;2639000;0,003789314134142
LTU2013;0,242671325956125;966;40;Yes;15230;91,6;28845,6;10,1;92;230;40;22;500;66,1;2856000;0,01750700280112
BHR2013;0,267204400678343;1067;99;Yes;21710;99,2;22454,72;15,04;100;1708;44;8;100;67;1493000;0,00669792364367
BHR2012;0;920;99;Yes;19910;99,2;22395;15;100;1689;40;7;100;67;1493000;0,00669792364367
SVN2012;0,180944712343144;2069;48;Yes;23280;99,1;22106,2;10,7;99;102;24;19;100;71,1;2066000;0,004840271055179
SVN2013;0,047453637795873;2085;49;Yes;23070;99,1;21073,2;10,2;99;102;23;18;100;71,1;2066000;0,004840271055179
LVA2013;0,452488687782805;874;83;Yes;14900;86,9;19890;10,2;92;32;51;24;500;67,1;1950000;0,025641025641026
LVA2012;0,366300366300366;820;55;Yes;13790;86,5;19110;9,8;91;33;51;24;500;67,1;1950000;0,025641025641026
SVN2000;0;831;40;Yes;11350;99,1;18594;9;99;99;30;23;100;66,8;2066000;0,004840271055179
CYP2000;0,130378096479791;753;50;Yes;14860;100;15340;13;100;102;48;20;1000;69;1180000;0,084745762711864
CYP2012;0,070621468926554;1955;60;Yes;28920;100;14160;12;100;123;48;20;1000;71,3;1180000;0,084745762711864
EST2012;0,215551308396442;994;80;No;16900;97,2;13917,8;10,6;100;31;44;25;200;69;1313000;0,015232292460015
EST2013;0,221829501844882;1072;85;No;18240;97,2;13523,9;10,3;100;31;43;25;200;69;1313000;0,015232292460015
CYP2013;0,077041602465331;1884;70;Yes;27010;100;12980;11;100;124;48;20;1000;71,3;1180000;0,084745762711864
BRN2000;0,444000444000444;543;80;No;14680;95;9009;21;96;63;30;5;21000;67,6;429000;4,8951048951049
LUX2000;0;3500;90;Yes;46590;97,6;7670;13;98;168;34;26;100;68,5;590000;0,016949152542373
MNE2012;0,267522739432852;472;75;No;7000;94,6;7476;12;95;46;34,6;20,2;100;67,9;623000;0,016051364365971
MNE2013;0,133761369716426;461;90;No;7330;95,1;7476;12;95;46;34,6;20,2;100;67,9;623000;0,016051364365971
BRN2013;0,437062937062937;974;90;No;45180;95;6864;16;96;77;29;3;21000;70,3;429000;4,8951048951049
LUX2012;0;7551;95;Yes;75450;97,6;6667;11,3;98;205;27;22;200;71,8;590000;0,033898305084746
LUX2013;0;7981;95;Yes;75500;97,6;6667;11,3;98;210;27;21;200;71,8;590000;0,033898305084746
ISL2000;0;2961;80;Yes;31560;98,8;5055;15;99;3;34;27;50;70,3;337000;0,014836795252226
MLT2000;0,20708221163802;656;80;No;10920;100;4829;11;100;1219;39;27;100;68,2;439000;0,022779043280182
ISL2012;0;3850;86;Yes;40750;98,8;4751,7;14,1;99;3;19;17;50;72,7;337000;0,014836795252226
ISL2013;0;4126;88;Yes;47080;98,8;4515,8;13,4;99;3;19;16;50;72,7;337000;0,014836795252226
MLT2012;0,232439217144717;1857;90;No;21650;100;4302,2;9,8;100;1311;32;22;100;71,7;439000;0,022779043280182
MLT2013;0,239779402949287;2000;95;No;22790;100;4170,5;9,5;100;1323;32;21;100;71,7;439000;0,022779043280182
BRB2000;0;602;80;Yes;11160;94,9;4004;14;88;628;14;2;200;64,7;286000;0,06993006993007
BRB2013;0;1007;87;Yes;15920;95,5;3432;12;96;657;13;1;200;66,8;286000;0,06993006993007
BRB2012;0,291375291375291;1009;84;Yes;15960;94,9;3432;12;95;655;13;1;200;66,8;286000;0,06993006993007
LCA2012;0,349162011173184;573;80;No;8060;89,5;2864;16;90;287;16,3;4,6;600;66,1;179000;0,335195530726257
ATG2000;0;420;20;No;9230;85;2142;21;82;190;5;1,9;100;65;102000;0,098039215686275
MCO2000;0;2684;80;Yes;90830;100;959,4;24,6;100;16041;38;28;50;60,1;39000;0,128205128205128
AND2000;0;1318;80;Yes;41010;100;847;11;100;139;44;32;10;81,2;77000;0,012987012987013
K2012;0;892;70;No;13710;72,2;764,5;13,9;92;202;12;0,6;270;66;55000;0,490909090909091
K2013;0;873;70;No;14540;72,2;758,45;13,79;92;204;12;0,6;270;66;55000;0,490909090909091
MCO2012;0;6521;90;Yes;90830;100;739,83;18,97;100;18892;38;28;50;65,1;39000;0,128205128205128
AND2012;0;3414;90;Yes;41010;100;731,5;9,5;100;175;39;28;10;81,2;77000;0,012987012987013
AND2013;0;2948;90;Yes;43270;100;731,5;9,5;100;172;38;28;10;81,2;77000;0,012987012987013
MCO2013;0;6993;90;Yes;90830;100;730,47;18,73;100;18986;38;28;50;65,1;39000;0,128205128205128
SMR2012;0;3877;12;No;6350;89,5;320,1;9,7;100;532;11;11;50;82;33000;0,151515151515152
SMR2000;0;2166;10;No;3470;89,5;320,1;9,7;100;457;11;11;50;80,62;33000;0,151515151515152
SMR2013;0;3847;12;No;6550;90;310,2;9,4;100;538;11;11;50;83,82;33000;0,151515151515152
PLW2013;0;1008;99;Yes;9480;100;288,2;13,1;100;45;37,2;27;60;69,13;22000;0,272727272727273
PLW2012;0;976;82;Yes;9630;100;279,4;12,7;100;45;37,2;27;60;69,13;22000;0,272727272727273
COG2000;0,68090257419001;22;5;Yes;480;14,6;3172260;39;13;9;10;2;200000;46,3;81340000;0,24588148512417
BRA2012;1,37896104888957;1078;88;Yes;12280;81,6;3139320;15;84;24;21;12;48000;65,6;209288000;0,022934903100034
BRA2013;1,33818788782284;1085;94;Yes;12730;82,1;3139320;15;85;24;20;12;48000;65,6;209288000;0,022934903100034
RUS2012;0,701673062786759;913;35;No;13330;72,2;1918272,3;13,3;88;9;60;23;200000;63,4;144231000;0,138666444800355
RUS2013;0,663392877965335;957;35;No;14840;72,2;1903849,2;13,2;88;9;60;23;200000;63,4;144231000;0,138666444800355
TUR2012;0,512142438249682;569;97;Yes;11880;93,7;1372665;17;94;97;43;14;50000;66,2;80745000;0,061923338906434
TUR2013;0,67314311940641;608;97;Yes;12530;94,1;1372665;17;95;98;42;13;50000;66,2;80745000;0,061923338906434
SAU2000;1,42925870049557;396;90;Yes;8110;100;856388;26;98;10;20;4;500;62,8;32938000;0,001518003521768
ARG2000;1,20073851362838;710;40;Yes;7440;95,5;841149;19;95;14;44;34;5500;65,4;44271000;0,012423482641007
ARG2012;0,795604847919004;994;41;Yes;11790;95,5;796878;18;95;15;32;21;5500;67,6;44271000;0,012423482641007
ARG2013;0,813173409229518;1074;86;Yes;12770;95,8;796878;18;95;16;31;19;5500;67,6;44271000;0,012423482641007
VEN2000;1,41117052881759;273;5;Yes;3530;94;767448;24;87;28;21,6;11,8;6800;63,8;31977000;0,021265284423179
THA2013;1,07450705671975;264;50;No;5730;93,1;759418;11;95;133;42;2;6400;66,8;69038000;0,009270256959935
THA2012;1,18116768367355;247;40;No;5520;93,2;759418;11;95;133;42;2;6400;66,8;69038000;0,009270256959935
MYS2000;0,649679184968838;122;60;No;3560;95,9;695728;22;97;71;55;3;12000;64,2;31624000;0,037945863900835
SAU2012;0,56816703243323;992;98;Yes;24050;100;691698;21;100;14;26;3;500;64,4;32938000;0,001518003521768
SAU2013;0,510338326842061;808;98;Yes;25440;100;691698;21;100;14;27;3;500;64,4;32938000;0,001518003521768
UKR2012;0,950148732560363;290;80;No;3500;95,8;510446,4;11,4;96;79;51;14;17000;64,1;44776000;0,037966767911381
UKR2013;0,893335715561908;313;80;No;3800;95,8;497013,6;11,1;96;79;50;14;17000;64,1;44776000;0,037966767911381
LKA2012;0,712443460155633;88;80;No;3360;93,8;362134;17;93;326;29;1;1000;67;21302000;0,004694394892498
LKA2013;0,663083278565393;102;90;No;3490;94,8;340832;16;94;328;29;1;1000;67;21302000;0,004694394892498
CHL2000;0,948083470441624;364;70;Yes;5090;98,8;306935;17;92;21;50;44;2100;67,7;18055000;0,011631127111603
TUN2012;1,2894958655258;292;25;No;4090;90,3;222567,6;19,3;91;70;45,1;4,4;500;66,7;11532000;0,004335761359695
TUN2013;1,23108664513613;309;30;No;4130;90,9;222567,6;19,3;92;71;45,1;4,4;500;66,7;11532000;0,004335761359695
CUB2000;0,502327450520746;166;80;No;2610;92,7;149305;13;89;104;55;31;500;67,2;11485000;0,00435350457118
LBY2012;1,35374697824335;669;25;Yes;10860;96,6;139612,5;21,9;100;4;29,5;0,9;6000;63,7;6375000;0,094117647058824
LBY2013;1,35200746965453;433;35;Yes;10520;96,6;133875;21;100;4;29,5;0,9;6000;63,7;6375000;0,094117647058824
CUB2012;0,656983417105315;558;90;No;6210;92,7;126335;11;91;107;53;20;3300;69,2;11485000;0,028733130169787
CUB2013;0,678142058203007;603;90;No;6570;93,1;119444;10,4;91;110;53;19;3300;69,2;11485000;0,028733130169787
LBN2000;1,18555184409561;579;40;No;5470;80,7;115558;19;75;316;35;24;100;61,2;6082000;0,001644195988162
OMN2000;0,93471383376474;273;90;Yes;7070;96,7;111264;24;88;7;13;1;10000;63,2;4636000;0,215703192407248
HUN2000;0,776699029126214;326;85;Yes;4660;98;97850;10;98;114;46;34;1000;63,7;9785000;0,01021972406745
OMN2012;0,570094934281529;605;99;Yes;19560;96,7;96475,16;20,81;98;11;19;1;10000;66,6;4636000;0,215703192407248
CRI2000;0,783144162893986;287;85;Yes;3580;94,3;93214;19;94;77;28;13;500;68,1;4906000;0,010191602119853
OMN2013;0,614754098360656;678;99;Yes;20580;96,7;92720;20;99;12;19;1;10000;66,6;4636000;0,215703192407248
SRB2000;1,16626368937562;64;80;No;1530;96,5;70310;10;98;86;55;41;100;64,5;7031000;0,001422272791921
BGR2013;1,29052081732985;555;94;Yes;7610;86;65090;9,2;86;67;44;29;500;66,4;7075000;0,007067137809187
JAM2000;0,642609985170539;189;70;Yes;3210;81,7;60690;21;84;245;29;9;1700;63,9;2890000;0,058823529411765
SVK2012;0,7508138285606;1377;98;Yes;17550;98,8;55939,3;10,3;99;112;41;18;200;68,1;5431000;0,003682563063892
SVK2013;0,67452887803971;1454;98;Yes;18140;98,8;54853,1;10,1;99;113;40;18;200;68,1;5431000;0,003682563063892
SVK2000;1,32572270300129;208;90;Yes;5520;98,8;54310;10;99;112;46;21;100;64,9;5431000;0,001841281531946
GEO2013;1,17285137473563;350;10;Yes;4240;87,5;52010;14;86;66;59;6;1100;66,4;3715000;0,029609690444145
GEO2012;1,30744087675447;333;5;Yes;3870;88,1;52010;14;87;67;59;6;1100;66,4;3715000;0,029609690444145
URY2012;0,723170378941279;1265;93;Yes;13910;95,9;48398;14;95;19;30;22;1000;67,9;3457000;0,028926815157651
JAM2012;0,809683818468888;302;70;Yes;4970;81,7;41991,7;14,53;85;262;30;6;1700;67;2890000;0,058823529411765
HRV2000;0,505415162454874;371;80;No;5290;97,1;41550;10;97;79;40;28;100;66,4;4155000;0,002406738868833
JAM2013;0,766663429643297;305;70;Yes;5020;81,8;39130,6;13,54;85;263;30;6;1700;67;2890000;0,058823529411765
BIH2000;1,1664981724862;103;5;No;1480;94,8;38577;11;95;74;58;36;1000;65,1;3507000;0,028514399771885
ALB2013;1,01530980308334;240;99;Yes;4480;92,7;37427;13;87;106;51;8;500;68,8;2879000;0,017367141368531
ALB2012;1,14598576194547;220;99;Yes;4360;92,1;36649,67;12,73;87;106;52;8;500;68,8;2879000;0,017367141368531
LTU2012;0,514911847091778;939;35;Yes;14100;91,2;29131,2;10,2;92;48;41;22;500;66,1;2856000;0,01750700280112
LTU2000;1,26050420168067;211;30;Yes;3210;91,2;28560;10;85;56;53;21;200;63,9;2856000;0,007002801120448
MUS2000;0,64998375040624;146;1;No;3870;93;21539;17;91;585;47;5;1200;63,8;1267000;0,094711917916338
TTO2000;0,973946919892866;260;30;Yes;5400;91,5;20535;15;91;247;27,4;7,1;1000;61,4;1369000;0,073046018991965
LVA2000;0,740740740740741;196;45;Yes;3310;86,5;17550;9;87;38;57;25;1000;63;1950000;0,051282051282051
EST2000;0,930862317000931;214;60;No;4150;97,2;11817;9;99;33;55;27;200;63,1;1313000;0,015232292460015
MDV2012;0,859660434128519;710;50;No;8260;98;9306;22;96;1283;34,5;7,7;700;69,5;423000;0,16548463356974
MDV2013;0,675447483958122;720;70;No;8980;98;8883;21;96;1310;34,5;7,7;700;69,5;423000;0,16548463356974
MNE2000;0,917220820912635;118;70;No;;94,6;8722;14;95;45;34,6;20,2;100;64,9;623000;0,016051364365971
BLZ2012;1,14695340501792;259;60;No;4260;90,2;8718,75;23,25;86;15;17,4;1,8;500;62,2;375000;0,133333333333333
BLZ2013;1,27536231884058;262;80;No;4330;90,6;8625;23;87;15;17,4;1,8;500;62,2;375000;0,133333333333333
BRN2012;0,548471136706431;946;85;No;42290;95;7293;17;96;74;29;3;21000;70,3;429000;4,8951048951049
BHS2012;1,35021097046414;1618;37;Yes;21330;92;5925;15;92;37;15,8;4,5;500;66,6;395000;0,126582278481013
BHS2013;1,35021097046414;1621;97;Yes;23580;92;5925;15;92;38;15,8;4,5;500;66,6;395000;0,126582278481013
LCA2000;0,588062334607468;272;80;No;4620;89,5;3401;19;79;257;16,3;4,6;600;63;179000;0,335195530726257
LCA2013;1,08618124020174;621;90;No;8150;90;2761,97;15,43;91;288;16,3;4,6;600;66,1;179000;0,335195530726257
VCT2000;0,909090909090909;137;80;No;3470;89,5;2200;20;71;277;15,6;2,2;550;62,6;110000;0,5
GRD2013;0,974658869395711;499;75;No;7510;98;2052;19;88;311;15,4;4,4;800;65;108000;0,740740740740741
GRD2012;0,974658869395711;471;65;No;7160;98;2052;19;89;310;15,4;4,4;800;65;108000;0,740740740740741
GRD2000;1,46198830409357;339;40;No;4660;98;2052;19;92;299;15,4;4,4;800;62,4;108000;0,740740740740741
VCT2012;1,06951871657754;340;90;No;6350;89,5;1870;17;85;280;15,6;2,2;550;64,6;110000;0,5
DMA2000;0,537316640696362;225;20;No;3600;72,6;1861,1;25,15;64;93;8,4;2,8;100;63,2;74000;0,135135135135135
SYC2000;1,10803324099723;356;80;No;7290;98,4;1805;19;94;176;48;11;500;64,4;95000;0,526315789473684
SYC2012;1,13186191284663;502;90;No;12240;98,4;1767;18,6;99;192;44;9;500;65,5;95000;0,526315789473684
ATG2012;0,576701268742791;727;30;No;11900;85,4;1734;17;87;220;5;1,9;100;67,2;102000;0,098039215686275
SYC2013;1,20992135511192;551;90;No;13500;98,4;1653;17,4;100;196;44;9;500;65,5;95000;0,526315789473684
ATG2013;0,612745098039216;665;40;No;12020;85;1632;16;88;222;5;1,9;100;67,2;102000;0,098039215686275
DMA2012;0,695139584028473;399;24;No;6750;72,6;1438,56;19,44;78;96;8,4;2,8;100;65,1;74000;0,135135135135135
DMA2013;0,703462442140214;417;25;No;6610;73,4;1421,54;19,21;78;97;8,4;2,8;100;65,1;74000;0,135135135135135
K2000;0,953925403033483;392;50;No;8630;72,2;1048,3;19,06;85;175;12;0,6;270;75,3;55000;0,490909090909091
CHN2012;1,77748104923406;322;80;No;5490;73,1;16746170,1;12,1;72;144;49;2;7000;68,5;1383981000;0,000505787290432
CHN2013;1,65284060980606;367;90;No;6800;74,2;16718490,48;12,08;73;145;49;2;7000;68,5;1383981000;0,000505787290432
MEX2012;1,78273311935103;618;99;Yes;9870;83,7;2454097;19;87;62;23;8;12000;67,4;129163000;0,009290586313418
MEX2013;1,69145718364026;664;84;Yes;10020;84,4;2454097;19;88;63;22;8;12000;67,4;129163000;0,009290586313418
TUR2000;2,04572194169073;197;90;Yes;4300;93,7;1776390;22;83;82;59;20;50000;61,6;80745000;0,061923338906434
IRN2012;2,45738866001346;485;5;No;6790;89,6;1473108,45;18,15;88;47;23;1;5000;66,5;81163000;0,006160442566194
IRN2013;2,37813732583241;432;10;No;7050;89,9;1452817,7;17,9;88;48;23;1;5000;66,5;81163000;0,006160442566194
THA2000;2,37164073891673;67;10;No;1980;93,2;1035570;15;95;123;47;3;35000;63,4;69038000;0,050696717749645
COL2012;1,7884074511882;530;84;Yes;7140;80,2;785056;16;83;42;17;7;5600;65,2;49066000;0,011413198548893
COL2013;1,56676721151103;533;87;Yes;7760;80,6;785056;16;83;43;17;7;5600;65,2;49066000;0,011413198548893
PER2012;1,9109899787047;368;85;Yes;5670;73,7;657774,25;20,45;74;24;17,9;4,5;2700;65,7;32165000;0,008394217316959
PER2013;1,81874708534121;354;89;Yes;6270;74,6;643300;20;75;24;17,9;4,5;2700;65,7;32165000;0,008394217316959
VEN2012;1,67464114832536;618;5;Yes;11740;94;639540;20;94;34;21,6;11,8;6500;65,2;31977000;0,020327110110392
VEN2013;1,70122275385433;520;15;Yes;12480;94,4;639540;20;95;34;21,6;11,8;6500;65,2;31977000;0,020327110110392
SYR2013;1,80167852581646;43;80;No;970;95,7;438480;24;93;108;28,3;6,3;30000;55,9;18270000;0,164203612479475
SYR2012;1,93395365809159;73;60;No;970;95,7;438480;24;93;111;28,3;6,3;30000;55,9;18270000;0,164203612479475
KAZ2013;1,83107611438706;580;52;Yes;11840;97,5;409049,08;22,73;98;6;45;9;2900;63,3;17996000;0,016114692153812
KAZ2012;2,01553040874565;539;37;Yes;9940;97,5;408329,24;22,69;98;6;46;10;2900;63,3;17996000;0,016114692153812
LKA2000;1,68215816981191;32;50;No;880;93,8;383436;18;85;297;32;2;100;63,9;21302000;0,00046943948925
ECU2013;1,88415985383487;431;90;Yes;5830;83,8;350288,75;21,07;84;63;15;4;1900;67;16625000;0,011428571428571
ECU2012;1,99928392409595;361;94;Yes;5410;82,8;349125;21;83;62;15;4;1900;67;16625000;0,011428571428571
JOR2000;1,73559159734275;171;20;Yes;1680;98,6;300762;31;99;58;42;8;100;62,9;9702000;0,00103071531643
JOR2013;1,51294283947345;336;60;Yes;3790;98,6;271656;28;97;95;66;11;100;65;9702000;0,00103071531643
JOR2012;1,51294283947345;351;50;Yes;3680;98,6;271656;28;97;90;64;10;100;65;9702000;0,00103071531643
SLV2012;2,36925542664019;254;94;Yes;3640;72,6;114804;18;89;300;18,2;2,6;1000;64,1;6378000;0,015678896205707
SLV2013;2,34261155073506;266;92;Yes;3750;73,4;108426;17;90;302;18,2;2,6;1000;64,1;6378000;0,015678896205707
PAN2000;1,93048145358889;295;58;Yes;3910;73,4;94277;23;64;41;26;5;1000;66,4;4099000;0,024396194193706
BLR2000;2,01593999062354;75;5;No;1380;94,4;85320;9;95;49;64;13;500;61,2;9480000;0,005274261603376
PAN2012;2,15906318614296;723;62;Yes;9530;73,4;81980;20;74;51;13;3;1300;68,1;4099000;0,031715052451818
PAN2013;2,49168446795471;796;68;Yes;10510;73,9;80668,32;19,68;75;52;13;3;1300;68,1;4099000;0,031715052451818
BGR2012;1,74074762878929;520;94;Yes;7420;86;67212,5;9,5;86;67;45;30;500;66,4;7075000;0,007067137809187
URY2000;1,50057853630315;773;89;Yes;7050;95,9;55312;16;94;19;48;37;1000;66,1;3457000;0,028926815157651
ARM2013;1,99527435022316;159;40;Yes;4120;89,5;38090;13;91;102;53;2;500;64,2;2930000;0,017064846416382
ARM2012;2,20530322919401;150;30;Yes;3880;89,5;38090;13;91;101;55;2;500;64,2;2930000;0,017064846416382
TTO2012;1,65570976381787;991;39;Yes;16070;91,5;20535;15;92;262;27,4;7,1;500;63,3;1369000;0,036523009495983
TTO2013;2,10276408338761;995;80;Yes;18100;91,5;19973,71;14,59;92;263;27,4;7,1;500;63,3;1369000;0,036523009495983
GUY2012;2,16479502097145;235;90;Yes;3620;83,6;14782;19;85;4;27,9;3,5;1000;59;778000;0,12853470437018
MUS2012;1,50990014069524;439;1;No;9260;93;14570,5;11,5;93;619;41;4;1200;66,8;1267000;0,094711917916338
MUS2013;1,95506252579596;463;5;No;9790;93,2;13810,3;10,9;93;620;41;4;1200;66,8;1267000;0,094711917916338
SUR2000;2,47123329986872;167;20;No;1900;79,3;12949;23;81;3;9,9;2,3;500;59,1;563000;0,088809946714032
CPV2013;2,4975024975025;165;45;No;3440;70,1;12012;22;64;129;20;4;200;64,2;546000;0,036630036630037
BLZ2000;1,68888888888889;139;40;No;3150;90,2;11250;30;83;11;17,4;1,8;500;60,5;375000;0,133333333333333
SUR2012;1,68271477984482;437;60;No;8610;79,3;10697;19;79;3;9,9;2,3;500;63,1;563000;0,088809946714032
SUR2013;1,57884349713835;445;80;No;9030;79,2;10134;18;79;3;9,9;2,3;500;63,1;563000;0,088809946714032
WSM2012;1,8896447467876;243;60;No;3780;91,6;5292;27;97;67;45;20;1000;66,6;196000;0,510204081632653
WSM2013;1,76609105180534;271;60;No;3920;91,5;5096;26;97;67;44;19;1000;66,6;196000;0,510204081632653
TON2000;2,31481481481481;92;20;No;2050;91,3;3024;28;89;136;54;15;200;64,3;108000;0,185185185185185
TON2012;2,13675213675214;197;25;No;4220;91,3;2808;26;93;146;48;13;200;66;108000;0,185185185185185
TON2013;2,22222222222222;204;30;No;4330;91,1;2700;25;93;146;48;13;200;66;108000;0,185185185185185
VCT2013;1,70454545454545;345;90;No;6550;90;1760;16;86;280;15,6;2,2;550;64,6;110000;0,5
BRA2000;3,499006154199;265;80;Yes;3860;81,6;4185760;20;73;21;29;19;42000;61,9;209288000;0,02006804021253
MEX2000;3,10524943933892;328;70;Yes;5810;83,7;3099912;24;76;52;37;13;12000;65,6;129163000;0,009290586313418
EGY2013;3,01667518462491;151;90;No;2790;94,7;2731484;28;93;90;47;1;1600;62,2;97553000;0,001640134080961
EGY2012;3,09685138188618;158;80;No;2520;94,7;2731484;28;93;88;46;1;1600;62,2;97553000;0,001640134080961
VNM2012;3,12860376713791;102;40;No;1550;73,1;1592084;17;74;286;48;1;11000;66,6;93652000;0,011745611412463
VNM2013;3,14053781081903;111;40;No;1740;74,7;1592084;17;75;289;48;1;11000;66,6;93652000;0,011745611412463
RUS2000;2,76639557376708;96;30;No;1710;72,2;1298079;9;84;9;67;22;200000;58,3;144231000;0,138666444800355
DZA2012;2,90817561353405;319;10;No;5140;87;1032950;25;87;16;21,7;0,9;1000;66,3;41318000;0,002420252674379
DZA2013;2,94302725204511;314;25;No;5480;87,2;1032950;25;87;16;21,7;0,9;1000;66,3;41318000;0,002420252674379
COL2000;2,61843619769679;148;80;Yes;2320;80,2;1030386;21;76;36;25;11;7700;62,4;49066000;0,015693148004728
MAR2013;3,07645162149919;189;80;Yes;3080;76,5;750540;21;82;76;44;2;1000;65,1;35740000;0,002797985450476
MAR2012;3,2323393823114;181;72;Yes;2970;75,6;750540;21;81;75;43;2;1000;65,1;35740000;0,002797985450476
SYR2000;3,06513409961686;58;10;No;970;95,7;566370;31;93;89;28,3;6,3;30000;61,8;18270000;0,164203612479475
ECU2000;3,13744360902256;53;80;Yes;1540;82,8;415625;25;71;51;21;5;1900;63,9;16625000;0,011428571428571
UKR2000;3,1462167232446;36;60;No;700;95,8;358208;8;95;85;60;16;24000;60,6;44776000;0,053600142933715
HND2013;2,52661531668547;196;97;Yes;2040;81,3;203830;22;78;77;36;2;1000;64,9;9265000;0,010793308148948
HND2012;2,65907864396801;221;95;Yes;2000;80;203830;22;76;76;37;2;1000;64,9;9265000;0,010793308148948
ROU2012;3,47697334831002;468;10;No;8740;78,3;195860;10;82;87;40;23;1000;66,8;19586000;0,005105687736138
ROU2013;3,3607768724689;504;15;No;9260;78,6;178232,6;9,1;82;87;39;23;1000;66,8;19586000;0,005105687736138
PRY2013;2,63611003590449;395;90;Yes;4180;86,8;149842;22;89;16;30;8;1300;65,4;6811000;0,019086771399207
PRY2012;2,76291026547964;358;82;Yes;3430;85,4;149842;22;88;16;31;9;1300;65,4;6811000;0,019086771399207
LBY2000;2,71657754010695;253;20;Yes;10860;96,6;140250;22;100;3;29,5;0,9;6000;62,1;6375000;0,094117647058824
MNG2013;2,87169484178587;244;50;No;4350;58,5;73824;24;58;2;49;6;100;62,1;3076000;0,003250975292588
MNG2012;2,98006068487213;232;35;No;3660;57,9;73824;24;58;2;49;6;100;62,1;3076000;0,003250975292588
MDA2013;2,87297352760107;263;1;Yes;2470;76,1;38984;11;78;124;45;5;1600;64,9;3544000;0,045146726862303
MDA2012;3,15514057049046;241;1;Yes;2140;75,8;38984;11;77;124;45;5;1600;64,9;3544000;0,045146726862303
FJI2000;2,95805739514349;80;75;Yes;2230;91,1;22650;25;80;44;52;15;200;60,8;906000;0,022075055187638
FJI2012;3,20613896772837;184;85;Yes;4100;91,1;19026;21;92;48;41;13;200;62,9;906000;0,022075055187638
FJI2013;3,3112582781457;189;87;Yes;4640;91,1;18120;20;93;48;40;13;200;62,9;906000;0,022075055187638
CPV2012;2,58075258075258;163;40;No;3380;68,1;12012;22;63;128;20;4;200;64,2;546000;0,036630036630037
BHS2000;2,81293952180028;1107;30;Yes;19020;92;7110;18;89;30;15,8;4,5;500;63,8;395000;0,126582278481013
WSM2000;2,63331138907176;80;30;No;1600;91,6;6076;31;99;62;63;26;1000;63,4;196000;0,510204081632653
PLW2000;3,03030303030303;908;75;Yes;5690;100;330;15;85;42;37,2;27;60;70,49;22000;0,272727272727273
UZB2013;3,80220279792532;120;85;Yes;1970;100;725895;22,5;100;71;26;1;6000;62,4;32262000;0,018597731076809
UZB2012;4,31880643894778;110;80;Yes;1740;100;677502;21;100;70;26;1;6000;62,4;32262000;0,018597731076809
HND2000;3,69916106559388;76;87;Yes;880;80;305745;33;62;58;60;4;1800;61,4;9265000;0,019427954668106
DOM2012;3,64328714844179;310;24;Yes;5660;82,9;236874;22;82;96;19;10;2500;65,1;10767000;0,023219095384044
DOM2013;3,76812747946769;315;25;Yes;5850;83,3;226107;21;82;97;19;10;2500;65,1;10767000;0,023219095384044
TUN2000;4,31025688110832;121;20;No;2280;90,3;196044;17;80;62;45,1;4,4;100;64,4;11532000;0,000867152271939
PRY2000;3,79016514679413;124;73;Yes;1360;85,4;183897;27;72;13;46;15;1200;62,5;6811000;0,017618558214653
AZE2013;4,42452393451483;436;40;Yes;7450;86,3;180584,4;18,3;86;114;48;1;1000;64,7;9868000;0,010133765707337
NIC2012;3,85400747117142;144;99;Yes;1770;66,8;132070,32;21,24;73;49;17,2;5,7;500;63,8;6218000;0,008041170794468
NIC2013;3,69128030755564;155;99;Yes;1860;67,8;130578;21;74;49;17,2;5,7;500;63,8;6218000;0,008041170794468
BWA2000;3,78646222887061;152;45;Yes;3020;62,4;64176;28;54;3;21,5;6,1;27000;41,9;2292000;1,17801047120419
BGR2000;4,35021594032195;97;90;Yes;1660;86;63675;9;86;74;59;42;500;63,4;7075000;0,007067137809187
BWA2012;3,7715535714898;402;52;Yes;7310;62,4;58331,4;25,45;59;4;21,5;6,1;10000;56,9;2292000;0,43630017452007
BWA2013;3,57766143106457;397;72;Yes;7580;63,3;57300;25;60;4;21,5;6,1;10000;56,9;2292000;0,43630017452007
SLB2000;3,5915621022004;48;30;Yes;1010;28,9;21996;36;21;15;38,4;15,5;4000;59,1;611000;0,654664484451719
GUY2000;3,80660470634764;56;89;Yes;870;83,6;20228;26;78;4;27,9;3,5;1000;57,8;778000;0,12853470437018
SLB2012;3,82324058919804;101;38;Yes;1510;28,9;19093,75;31,25;29;20;38,4;15,5;4000;62,1;611000;0,654664484451719
SLB2013;3,69568660577583;100;40;Yes;1820;29,2;18941;31;30;20;38,4;15,5;4000;62,1;611000;0,654664484451719
GUY2013;3,78839128670004;250;96;Yes;3890;83,6;14782;19;85;4;27,9;3,5;1000;59;778000;0,12853470437018
VUT2000;3,50996376811594;52;40;No;1430;57,9;8832;32;53;15;28,5;3,1;200;61,9;276000;0,072463768115942
TUV2013;3,8586201574317;704;50;No;5590;83,3;259,16;23,56;92;361;50,8;22,7;70;66,9;11000;0,636363636363636
TUV2012;3,8933229511388;559;50;No;4420;83,3;256,85;23,35;91;358;50,8;22,7;70;66,9;11000;0,636363636363636
IDN2012;4,84846976204636;108;5;No;3570;58,8;5543811;21;64;137;72;4;48000;62,1;263991000;0,01818243803766
IDN2013;4,81664147641397;107;10;No;3730;59,7;5279820;20;65;139;73;4;48000;62,1;263991000;0,01818243803766
PHL2012;5,45465665249687;115;15;Yes;2980;71,8;2518032;24;73;325;46;9;10000;61,1;104918000;0,009531252978517
PHL2013;5,28045036808946;122;20;Yes;3300;72,5;2495999,22;23,79;74;330;45;9;10000;61,1;104918000;0,009531252978517
VNM2000;4,69765135228767;20;5;No;420;73,1;1685736;18;53;250;51;2;26000;62,1;93652000;0,02776235424764
IRN2000;4,57753306050138;229;5;No;1720;89,6;1542097;19;87;41;30;6;5400;61,8;81163000;0,006653277971489
IRQ2000;4,59249582698309;7;5;No;6140;84,8;1377900;36;75;54;33,1;2,9;4000;60,7;38275000;0,010450685826257
IRQ2012;4,6719052574163;282;5;No;6140;84,8;1346131,75;35,17;85;75;33,1;2,9;4000;60;38275000;0,010450685826257
IRQ2013;4,60117562731525;305;10;No;6850;85,6;1336180,25;34,91;86;78;33,1;2,9;4000;60;38275000;0,010450685826257
DZA2000;4,74732562079481;60;5;No;1590;87;826360;20;84;13;21,7;0,9;1000;62,5;41318000;0,002420252674379
PER2000;4,70490698999948;95;80;Yes;2010;73,7;771960;24;63;20;17,9;4,5;2700;59,9;32165000;0,008394217316959
GTM2012;5,13099883443977;215;20;Yes;3090;62,9;473592;28;66;143;11,7;2,1;2900;62,2;16914000;0,017145559891214
GTM2013;4,94440283963756;222;24;Yes;3310;63,6;456678;27;66;146;11,7;2,1;2900;62,2;16914000;0,017145559891214
DOM2000;4,5435125847497;173;20;Yes;2630;82,9;269175;25;79;93;22;15;8300;63,2;10767000;0,077087396675026
AZE2012;4,59792667465869;402;30;Yes;6480;84,7;185518,4;18,8;85;112;49;1;1000;64,7;9868000;0,010133765707337
KGZ2012;5,07704190995382;84;15;Yes;1040;93;170374,8;27,6;96;29;50;4;1000;63,9;6173000;0,016199578810951
KGZ2013;5,07427983343021;87;40;Yes;1190;93,1;167905,6;27,2;96;30;50;4;1000;63,9;6173000;0,016199578810951
ARM2000;4,61649003053709;39;20;Yes;660;89,5;55670;19;90;108;67;3;1000;66,9;2930000;0,034129692832765
CPV2000;4,61033219653909;59;15;No;1380;68,1;15834;29;37;108;14;6;200;61,1;546000;0,036630036630037
VUT2012;4,56253354804079;116;45;No;2950;57,9;7452;27;53;20;28,5;3,1;200;64,6;276000;0,072463768115942
VUT2013;4,56253354804079;123;45;No;3200;57,9;7452;27;53;21;28,5;3,1;200;64,6;276000;0,072463768115942
STP2013;4,76190476190476;110;97;Yes;1480;34,5;7140;35;38;195;6,9;1,2;2000;59;204000;0,980392156862745
FSM2013;5,11006289308176;407;61;Yes;3180;57;2544;24;68;148;39,4;11,5;700;62,5;106000;0,660377358490566
CHN2000;6,30149030741235;43;15;No;940;73,1;19375734;14;61;134;56;4;7000;64,6;1383981000;0,000505787290432
PHL2000;5,90334038646054;33;10;Yes;1220;71,8;3147540;30;67;262;59;13;500;58,8;104918000;0,000476562648926
EGY2000;5,91432349594579;80;20;No;1290;94,7;2438825;25;92;70;36;1;500;59,9;97553000;0,0005125419003
KEN2012;6,10608093002459;42;82;Yes;1060;29,6;1789200;36;30;77;26;2;62000;55,6;49700000;0,124748490945674
KEN2013;6,22075308996838;45;75;Yes;1150;29,9;1739500;35;30;79;26;2;62000;55,6;49700000;0,124748490945674
ZAF2013;6,46870446831604;593;69;Yes;7400;65,3;1189419;21;71;44;32;7;270000;54,4;56639000;0,476703331626618
GHA2013;6,15014681741463;100;89;Yes;1730;14,7;951522;33;14;116;12;1;20000;55,3;28834000;0,069362558091142
NPL2013;5,91805396446243;39;1;Yes;720;42,6;615405;21;43;195;37;13;1000;61,2;29305000;0,003412386964682
RWA2012;6,43020969855832;70;99;Yes;650;59,1;415072;34;59;437;16,3;6;7500;56,6;12208000;0,061435124508519
RWA2013;6,08393899678303;71;99;Yes;680;60;402864;33;60;449;16,3;6;7500;56,6;12208000;0,061435124508519
KHM2012;5,84317400812246;69;25;Yes;880;37,2;400125;25;41;84;45;4;1000;58,1;16005000;0,006248047485161
KHM2013;5,70915338956576;76;35;Yes;960;39;384120;24;44;85;45;3;1000;58,1;16005000;0,006248047485161
TJK2013;5,82532697404819;70;12;No;1310;94,7;276551;31;95;58;30;2,6;1300;62,1;8921000;0,014572357359041
TJK2012;5,83979085232019;61;10;No;1140;94,4;276551;31;95;57;30;2,6;1300;62,1;8921000;0,014572357359041
BOL2012;6,04777415852334;149;35;Yes;2280;48,4;276300;25;50;9;34;19;1100;62,5;11052000;0,009952949692363
BOL2013;6,00193026903125;174;45;Yes;2620;49,3;265248;24;51;10;33;18;1100;62,5;11052000;0,009952949692363
NIC2000;6,07555126693113;54;90;Yes;970;66,8;167886;27;60;42;17,2;5,7;1100;54,6;6218000;0,017690575747829
SLV2000;5,56914393226717;176;80;Yes;2140;72,6;159450;25;82;283;18,2;2,6;2100;58,6;6378000;0,032925682031985
GAB2000;6,25514403292181;118;15;Yes;3090;41,4;66825;33;39;5;19,1;2,9;6100;52,1;2025000;0,301234567901235
ALB2000;5,75286557832581;70;90;Yes;1170;92,1;46064;16;88;113;57;12;100;64,1;2879000;0,003473428273706
BTN2012;5,79729025534132;90;20;No;2290;49,4;15352;19;61;20;16,7;3,5;40000;61,2;808000;4,95049504950495
BTN2013;5,5005500550055;90;30;No;2300;49,7;14544;18;62;20;16,7;3,5;40000;61,2;808000;4,95049504950495
MDV2000;5,55041628122109;162;40;No;8260;98;9729;23;78;953;34,5;7,7;700;61,7;423000;0,16548463356974
STP2012;6,0258523077613;109;95;Yes;1270;34,4;7135,92;34,98;36;191;6,9;1,2;2000;59;204000;0,980392156862745
FSM2012;5,50314465408805;404;60;Yes;3070;57;2544;24;68;148;39,4;11,5;700;62,5;106000;0,660377358490566
MHL2013;6,24076886272389;630;38;Yes;4300;76,7;1442,13;27,21;87;293;28,4;4,9;300;67;53000;0,566037735849057
IDN2000;7,4529055914785;15;5;No;580;58,8;5807802;22;44;117;56;6;23000;59,4;263991000;0,008712418226379
BGD2012;6,70981212063376;26;25;Yes;940;57,7;3458070;21;43;1196;44;1;1500;62,4;164670000;0,00091091273456
BGD2013;6,51393696483877;32;40;Yes;1010;58,7;3293400;20;44;1211;42;1;1500;62,4;164670000;0,00091091273456
ZAF2012;6,75350638855263;651;70;Yes;7620;64,7;1195082,9;21,1;71;43;32;7;270000;54,4;56639000;0,476703331626618
GHA2012;6,81644775422954;86;43;Yes;1560;14,4;951522;33;14;113;12;1;20000;55,3;28834000;0,069362558091142
MAR2000;6,84997710739177;54;65;Yes;1390;75,6;786280;22;69;65;33;4;1400;60,1;35740000;0,003917179630666
MWI2012;7,38508216088497;32;89;Yes;440;39,7;744880;40;42;171;27;7;36000;51,2;18622000;0,193319729352379
MWI2013;7,4587818653977;26;99;Yes;390;40,1;726258;39;42;176;26;7;36000;51,2;18622000;0,193319729352379
NPL2012;6,56315759540465;36;1;Yes;690;41,1;615405;21;41;193;39;14;1000;61,2;29305000;0,003412386964682
KAZ2000;6,70148921982663;52;30;Yes;1260;97,5;269940;15;97;6;57;12;1000;57,7;17996000;0,005556790397866
PNG2013;7,44319392842665;94;5;Yes;2700;18,9;239279;29;19;17;51,2;21,5;2800;56,4;8251000;0,033935280572052
M2000;7,32537490134175;126;50;Yes;2110;33,1;81088;32;28;2;29;15;20000;50,2;2534000;0,789265982636148
GAB2013;6,59498207885305;441;25;Yes;9330;41,6;62775;31;41;7;19,1;2,9;1700;57,2;2025000;0,083950617283951
GAB2012;6,69056152927121;399;20;Yes;9040;41,4;62775;31;41;7;19,1;2,9;1700;57,2;2025000;0,083950617283951
MHL2000;6,68334718735511;466;22;Yes;2850;76,2;2394,01;45,17;87;290;28,4;4,9;300;65,24;53000;0,566037735849057
MHL2012;6,705019377506;589;46;Yes;3980;76,2;1491,42;28,14;87;293;28,4;4,9;300;67;53000;0,566037735849057
IND2012;7,97990099129602;58;5;No;1480;37,5;28122780;21;40;425;23;2;80000;59,6;1339180000;0,005973804865664
IND2013;7,59759703699279;61;10;No;1520;38,5;26783600;20;41;430;22;2;80000;59,6;1339180000;0,005973804865664
TZA2013;8,14953760251265;49;80;Yes;840;14,5;2292400;40;21;57;29;4;55000;54,2;57310000;0,095969289827255
ZAF2000;8,19223503239817;246;60;Yes;3070;64,7;1359336;24;59;37;35;13;540000;50;56639000;0,953406663253235
YEM2012;8,34432823813355;76;67;Yes;1060;53,3;932250;33;56;47;26,2;6,8;1100;57,7;28250000;0,003893805309735
MDG2013;7,73197316156137;20;76;Yes;440;11,7;894985;35;9;39;26,6;1,6;4300;56,9;25571000;0,016815924289234
SEN2013;8,03475959617528;46;80;Yes;1050;46,6;618189;39;47;73;22;1;1100;58,3;15851000;0,006939625260236
SEN2012;8,3631381341305;44;78;Yes;1040;46,1;618189;39;46;71;22;1;1100;58,3;15851000;0,006939625260236
GTM2000;7,92412033987061;94;15;Yes;1660;62,9;591990;35;59;109;11,7;2,1;3200;57,2;16914000;0,01891923850065
PNG2000;8,24142528178403;26;2;Yes;600;18,9;280534;34;19;12;51,2;21,5;4500;52,7;8251000;0,054538843776512
ROU2000;7,99040130705606;73;5;No;1720;78,3;195860;10;82;98;53;27;1000;63;19586000;0,005105687736138
GMB2013;8,34597035741563;29;98;Yes;510;58,8;90343;43;43;184;24,9;0,8;1300;53,8;2101000;0,061875297477392
GMB2012;8,36407844905771;31;96;Yes;510;58,7;90027,85;42,85;44;178;24,9;0,8;1300;53,8;2101000;0,061875297477392
M2012;7,69534333070245;472;60;Yes;5510;33,1;76020;30;33;3;36;12;9600;57,5;2534000;0,378847671665351
M2013;7,62957116548277;423;70;Yes;5800;33,6;76020;30;100;3;37;12;9600;57,5;2534000;0,378847671665351
GEO2000;8,16509645580978;45;2;Yes;750;88,1;44580;12;96;77;63;7;500;64,1;3715000;0,013458950201884
DJI2013;8,44305120167189;137;82;Yes;1400;47,3;23925;25;51;39;38,9;7,4;500;55,8;957000;0,052246603970742
TUV2000;8,34794223223975;161;10;No;4420;83,3;239,58;21,78;91;315;50,8;22,7;70;66,9;11000;0,636363636363636
UGA2012;8,99271039018607;57;45;Yes;610;18,5;1885972;44;18;181;18;3;52000;54;42863000;0,121316753377038
UGA2013;8,90831741367439;59;45;Yes;620;18,8;1843109;43;19;187;17;3;52000;54;42863000;0,121316753377038
GHA2000;8,55240341263786;12;39;Yes;340;14,4;1009190;35;11;83;9;1;30000;50,2;28834000;0,104043837136714
YEM2013;8,51702869401984;74;73;Yes;1240;53,3;932250;33;57;48;26,2;6,8;1100;57,7;28250000;0,003893805309735
MDG2012;9,3074185600876;15;70;Yes;430;11,6;894985;35;9;38;26,6;1,6;4300;56,9;25571000;0,016815924289234
BDI2013;9,35951934663275;21;96;Yes;280;47,8;478016;44;50;374;24,6;9,8;2200;52,2;10864000;0,020250368188513
PNG2012;8,80144099565779;97;4;Yes;2380;18,9;239279;29;19;16;51,2;21,5;2800;56,4;8251000;0,033935280572052
STP2000;8,82352941176471;46;91;Yes;1270;34,4;8160;40;21;144;6,9;1,2;2000;54,8;204000;0,980392156862745
KIR2013;9,21521997621879;166;40;Yes;2840;39,7;3364;29;40;134;66;42;400;58,7;116000;0,344827586206897
TZA2012;9,74001046937707;42;78;Yes;770;14;2292400;40;20;55;29;4;55000;54,2;57310000;0,095969289827255
MOZ2013;9,76692844383026;40;45;Yes;590;20,3;1186760;40;22;34;33;6;83000;49,6;29669000;0,279753277832081
CIV2000;10,3624654274944;40;1;Yes;640;21,6;996095;41;22;52;18,7;1,8;62000;41,9;24295000;0,255196542498456
BFA2000;10,0614127886299;12;75;Yes;250;18,6;882878;46;10;42;24;9;7700;43,4;19193000;0,040118793310061
BFA2012;10,1840991316702;40;80;Yes;650;18,6;786913;41;20;61;33;5;3400;52,6;19193000;0,017714791851196
ZMB2013;10,3194103194103;93;70;Yes;1730;43,5;683760;40;30;20;27;5;59000;53,7;17094000;0,345150345150345
UZB2000;9,90402980360206;29;75;Yes;630;100;677502;21;89;58;30;2;7700;60;32262000;0,023867088215238
BDI2012;9,72352389878163;21;96;Yes;260;47,5;478016;44;49;363;24,6;9,8;2200;52,2;10864000;0,020250368188513
TGO2000;10,005852914291;14;25;Yes;290;11,5;304122;39;11;91;13,8;1,5;14000;47,7;7798000;0,179533213644524
ERI2012;9,61729498832762;15;85;Yes;210;15,3;161064;36;11;;11,3;0,6;1000;55,7;4474000;0,022351363433169
ERI2013;9,60209434844491;17;90;Yes;210;15,4;155695,2;34,8;11;;11,3;0,6;1000;55,7;4474000;0,022351363433169
TKM2012;10,0650478385803;128;1;No;5560;11,5;126676;22;96;11;36,8;3,1;10000;59,8;5758000;0,173671413685307
TKM2013;10,3458542152533;158;1;No;6530;11,6;120918;21;96;11;36,8;3,1;10000;59,8;5758000;0,173671413685307
GNQ2012;10,2304591657904;769;8;No;13760;74,9;45648;36;75;37;16,4;1,5;2300;51,3;1268000;0,181388012618297
SWZ2012;10,055214675225;265;57;Yes;3930;57,5;41570,47;30,41;56;73;18;2;8800;50,9;1367000;0,643745427944404
SWZ2013;9,60741282613997;256;59;Yes;4010;57,5;41010;30;57;74;18;2;8800;50,9;1367000;0,643745427944404
DJI2012;9,60533719154409;139;80;Yes;1400;47,3;24882;26;51;38;38,9;7,4;500;55,8;957000;0,052246603970742
KIR2012;10,1070154577883;177;35;Yes;2450;39,7;3364;29;40;132;67;43;400;58,7;116000;0,344827586206897
FSM2000;9,74842767295598;170;49;Yes;2060;57;3180;30;68;153;39,4;11,5;700;60,2;106000;0,660377358490566
PAK2013;11,1505326132565;37;66;Yes;1360;60;5910480;30;55;236;41;4;19000;57,8;197016000;0,009643886790921
ETH2013;11,0966078171696;25;63;Yes;470;25,5;3463581;33;7;95;9;1;30000;56,1;104957000;0,028583134045371
KEN2000;10,8224346076459;19;60;Yes;420;29,6;1988000;40;31;55;31;3;120000;45,5;49700000;0,241448692152917
SDN2013;11,2575686552446;115;30;Yes;1220;23,6;1337589;33;32;21;8,3;1;5000;55,9;40533000;0,012335627760097
MOZ2012;10,8278000606694;33;40;Yes;520;19,8;1186760;40;21;33;33;6;83000;49,6;29669000;0,279753277832081
MMR2012;11,1966975954811;20;1;No;1140;79,4;1014049;19;66;78;35;8;11000;59,1;53371000;0,020610443874014
MMR2013;10,8704477462792;14;1;No;1230;79,5;960678;18;65;79;34;7;11000;59,1;53371000;0,020610443874014
BFA2013;10,8525338887526;46;85;Yes;690;19;786913;41;21;62;34;5;3400;52,6;19193000;0,017714791851196
ZMB2012;10,5143153923642;84;65;Yes;1670;43,2;700854;41;30;20;27;5;59000;53,7;17094000;0,345150345150345
TGO2012;10,8898331519516;48;30;Yes;470;11,5;288526;37;13;126;13,8;1,5;4100;52,8;7798000;0,052577583995896
TGO2013;10,9755813219491;54;30;Yes;490;11,6;281351,84;36,08;14;129;13,8;1,5;4100;52,8;7798000;0,052577583995896
GMB2000;11,1058226241472;23;90;Yes;680;58,7;94545;45;55;122;24,9;0,8;2000;49;2101000;0,095192765349833
MNG2000;10,6084456916022;22;5;No;470;57,9;58444;19;48;2;57;9;100;56,7;3076000;0,003250975292588
GNQ2000;10,5985996768485;55;5;No;760;74,9;51988;41;80;22;16,4;1,5;1700;46,1;1268000;0,134069400630915
TLS2012;11,2575182019626;68;1;No;4090;39,8;50544;39;41;78;61;21;5000;61,1;1296000;0,385802469135802
TLS2013;10,6603313840156;59;1;No;3570;40,1;49248;38;42;80;61;21;5000;61,1;1296000;0,385802469135802
GNQ2013;10,9283461018477;714;10;No;13630;74,5;44380;35;75;39;16,4;1,5;2300;51,3;1268000;0,181388012618297
MDA2000;10,7223476297968;23;1;Yes;370;75,8;38984;11;72;127;41;6;1000;60,4;3544000;0,028216704288939
KIR2000;10,567296996663;65;30;Yes;1330;39,7;3596;31;30;104;82;51;400;56,8;116000;0,344827586206897
ETH2012;12,0447594556039;22;38;Yes;410;24,3;3463581;33;6;92;9;1;30000;56,1;104957000;0,028583134045371
UGA2000;12,1650041161041;19;40;Yes;270;18,5;2100287;49;15;120;28;5;95000;40;42863000;0,221636376361897
SDN2012;11,7086876198189;113;25;Yes;1720;23,5;1378122;34;31;20;8,3;1;5000;55,9;40533000;0,012335627760097
MOZ2000;12,4252399624;15;30;Yes;280;19,8;1335105;45;12;23;43;8;160000;42,3;29669000;0,53928342714618
AFG2013;12,3895299746693;55;30;Yes;670;31,1;1243550;35;37;49;22,9;2,8;1000;52,3;35530000;0,002814522938362
BOL2000;11,5057265945151;60;30;Yes;990;48,4;342612;31;38;8;51;26;1900;55,7;11052000;0,017191458559537
COM2012;12,1797121797122;54;20;No;810;34,2;28490;35;33;389;24;7;100;55,9;814000;0,012285012285012
COM2013;12,2127475068652;51;20;No;830;35;27676;34;34;398;24;7;100;55,9;814000;0,012285012285012
BTN2000;12,3762376237624;52;10;No;770;49,4;22624;28;53;14;16,7;3,5;40000;52,9;808000;4,95049504950495
PAK2012;12,6186028884287;34;65;Yes;1260;58,3;5910480;30;53;231;41;4;19000;57,8;197016000;0,009643886790921
TZA2000;13,4751684655715;10;70;Yes;300;14;2407020;42;7;39;38;5;130000;43;57310000;0,226836503228058
AFG2012;12,6583169152829;58;15;Yes;670;30,5;1279080;36;36;47;22,9;2,8;500;52,3;35530000;0,001407261469181
NPL2000;12,6258317693226;12;1;Yes;230;41,1;937760;32;19;166;46;24;5300;55,1;29305000;0,018085650912814
CMR2012;12,7607619697785;61;84;Yes;1390;45,2;914052;38;39;45;34;1;32000;50,3;24054000;0,133034006817993
CMR2013;12,593286726487;67;88;Yes;1450;45,4;889998;37;39;46;39;1;32000;50,3;24054000;0,133034006817993
MWI2000;12,5462551625155;9;85;Yes;150;39,7;819368;44;34;121;33;10;36000;37,4;18622000;0,193319729352379
LAO2012;13,4811195750853;27;68;Yes;1350;64,6;188114,94;27,43;64;28;60;11;1000;57,9;6858000;0,014581510644503
LAO2013;13,0639534255749;32;70;Yes;1590;67,6;185166;27;67;28;59;10;1000;57,9;6858000;0,014581510644503
LBR2013;13,3781816474124;44;40;Yes;370;16,4;170352;36;16;45;26;3;2900;52,7;4732000;0,061284868977177
LBR2012;13,3664412510566;39;30;Yes;340;16,1;170352;36;16;43;25;3;2900;52,7;4732000;0,061284868977177
MRT2000;12,9435579899976;25;1;Yes;520;38,2;167960;38;23;3;24;6;500;52;4420000;0,01131221719457
TKM2000;13,0615375709158;44;1;No;600;11,5;138192;24;95;10;36,8;3,1;10000;57,3;5758000;0,173671413685307
LSO2013;13,0487823710178;123;25;Yes;1490;29,8;64757;29;39;70;51;1;21000;46,6;2233000;0,940438871473354
LSO2012;13,0796670630202;138;18;Yes;1550;29,3;64757;29;37;69;50;1;21000;46,6;2233000;0,940438871473354
DJI2000;13,4155796002292;44;70;Yes;770;47,3;29667;31;51;31;38,9;7,4;1700;50,3;957000;0,177638453500522
IND2000;13,9906797156009;20;5;No;440;37,5;34818680;26;22;354;36;7;250000;54,2;1339180000;0,0186681402052
BGD2000;13,7957733649116;9;20;Yes;420;57,7;4610760;28;25;1011;64;6;500;56,3;164670000;0,000303637578187
YEM2000;13,7054685727252;26;60;Yes;370;53,3;1101750;39;41;34;26,2;6,8;500;53;28250000;0,001769911504425
NER2013;14,3893467430274;27;5;Yes;400;10,5;1073850;50;12;15;17;1;1800;54,2;21477000;0,008381058807096
CIV2012;14,3239349660424;80;1;Yes;1240;21,6;923210;38;28;67;18,7;1,8;20000;47;24295000;0,082321465322083
GIN2012;13,6369468138381;22;5;No;630;18,9;483246;38;19;46;12,5;2;8300;51,7;12717000;0,06526696547928
GIN2013;14,3158020015769;25;10;No;650;19,4;470529;37;20;47;12,5;2;8300;51,7;12717000;0,06526696547928
BEN2000;14,3632614105055;15;60;Yes;390;18,4;469392;42;10;61;12;2;6200;48,1;11176000;0,055476020042949
BEN2012;13,6997233453926;37;67;Yes;820;18,4;413512;37;13;86;16;1;3600;52,5;11176000;0,032211882605583
BEN2013;14,0379415825192;37;70;Yes;890;19;407253,44;36,44;13;89;16;1;3600;52,5;11176000;0,032211882605583
TJK2000;14,0118820760004;7;1;No;170;94,4;267630;30;90;44;30;2,6;1000;56,6;8921000;0,0112095056608
MRT2013;14,3665158371041;48;20;Yes;1410;39,5;150280;34;42;4;40;4;500;55,1;4420000;0,01131221719457
AZE2000;13,9373057694906;30;20;Yes;610;84,7;148020;15;66;97;59;1;500;59,3;9868000;0,005066882853668
KGZ2000;14,4500242993682;13;10;Yes;280;93;123460;20;92;26;51;5;500;59,7;6173000;0,008099789405475
LSO2000;13,8126959247649;29;10;Yes;630;29,3;71456;32;7;62;35;1;26000;43,1;2233000;1,16435288849082
COM2000;13,7459326648516;13;15;No;420;34,2;30118;37;27;291;31;14;100;52,1;814000;0,012285012285012
PAK2000;15,1061652353108;15;60;Yes;490;58,3;6304512;32;32;180;37;8;200;54,2;197016000;0,000101514597799
SDN2000;14,8237238793082;15;20;Yes;330;23,5;1621320;40;21;15;8,3;1;2600;50,9;40533000;0,00641452643525
AGO2013;15,4781090518399;267;9;Yes;4350;50,6;1370064;46;37;21;16,7;1,6;25000;45,9;29784000;0,083937684662906
MMR2000;15,0178936126361;3;1;No;1140;79,4;1334275;25;70;71;57;16;37000;54,7;53371000;0,06932603848532
NER2012;14,6491595660474;24;4;Yes;390;10,1;1073850;50;11;14;16;1;1800;54,2;21477000;0,008381058807096
MDG2000;15,3756494351929;12;60;Yes;250;11,6;1048411;41;5;27;26,6;1,6;2300;50,2;25571000;0,008994564154707
CIV2013;15,2532940166721;87;1;Yes;1340;22;906689,4;37,32;29;69;18,7;1,8;20000;47;24295000;0,082321465322083
MLI2012;15,0625007490502;42;68;Yes;930;23,3;834390;45;29;13;33;3;5900;51,1;18542000;0,031819652680401
MLI2013;15,3398672301703;53;71;Yes;770;23,8;815848;44;30;14;34;3;5900;51,1;18542000;0,031819652680401
BDI2000;15,1987341328284;7;96;Yes;130;47,5;456288;42;41;249;24,6;9,8;11000;43,6;10864000;0,101251840942563
SLE2013;15,3965001126573;96;92;Yes;650;13;279609;37;14;96;56;12;5300;44,4;7557000;0,070133650919677
SLE2012;15,3643123075438;69;92;Yes;530;12,8;279609;37;14;94;55;13;5300;44,4;7557000;0,070133650919677
ERI2000;15,0712050577942;7;80;Yes;210;15,3;156590;35;8;34;11,3;0,6;1700;38,8;4474000;0,037997317836388
MRT2012;14,6193771626298;44;1;Yes;1310;38,2;150280;34;40;4;39;4;500;55,1;4420000;0,01131221719457
GNB2013;14,6497355694448;32;8;Yes;620;20,5;70718;38;20;60;12,5;2;1300;51,5;1861000;0,069854916711446
GNB2012;14,9749710116236;31;3;Yes;610;20,2;70718;38;20;58;12,5;2;1300;51,5;1861000;0,069854916711446
SEN2000;15,6101127648664;22;70;Yes;510;46,1;618189;39;39;51;18;1;5300;50,4;15851000;0,033436376253864
SSD2012;15,9911945895273;25;1;No;830;6,6;477888;38;8;21;8,3;1;16000;49,9;12576000;0,127226463104326
HTI2012;16,2063144031999;73;10;Yes;750;26,7;285506;26;29;373;21;3;7900;55,4;10981000;0,071942446043166
HTI2013;16,0713960477188;77;15;Yes;800;27,1;274525;25;29;379;21;3;7900;55,4;10981000;0,071942446043166
SWZ2000;15,6059497683492;75;45;Yes;1580;57,5;45111;33;49;62;16;3;17000;42;1367000;1,24359912216533
AGO2012;16,5590804517161;190;5;Yes;3820;49,1;1370064;46;36;20;16,7;1,6;25000;45,9;29784000;0,083937684662906
CMR2000;16,6951594684318;26;80;Yes;680;45,2;986214;41;40;32;12;1;60000;44,7;24054000;0,249438762783737
ZMB2000;16,988416988417;23;60;Yes;330;43,2;769230;45;26;14;31;6;81000;38,3;17094000;0,473850473850474
GIN2000;17,363682746589;12;5;No;380;18,9;546831;43;9;36;12,5;2;9400;45,7;12717000;0,073916804277739
SSD2013;16,6039130733787;18;1;No;990;6,7;465312;37;9;21;8,3;1;16000;49,9;12576000;0,127226463104326
NGA2000;18,3471249977766;17,2;2;Yes;270;29,9;8208098;43;36;134;11;2;340000;41;190886000;0,178116781744078
ETH2000;18,2059406146413;5;25;Yes;120;24,3;4618108;44;3;67;9;1;85000;44,3;104957000;0,080985546461884
LBR2000;17,5499813245788;11;20;Yes;150;16,1;203476;43;13;30;18;4;4500;43,9;4732000;0,095097210481826
CAF2000;17,9652285898261;11;15;Yes;250;21,5;186360;40;15;6;15,9;1,5;12000;39,8;4659000;0,25756600128783
NGA2012;19,4094581034245;90,5;4;Yes;2480;29,9;7721338,7;40,45;33;184;16;1;220000;47,7;190886000;0,115252035246168
NGA2013;19,391940739499;109,4;5;Yes;2700;29,6;7635440;40;33;189;16;1;220000;47,7;190886000;0,115252035246168
KHM2000;18,6526531887357;17;20;Yes;300;37,2;448140;28;12;69;51;8;8800;45,5;16005000;0,054982817869416
TLS2000;18,5009820426487;18;1;No;4090;39,8;57024;44;41;58;61;21;5000;52,2;1296000;0,385802469135802
TCD2000;20,4132122647717;10;5;No;180;12;759900;51;10;7;14,1;2,3;11000;40,9;14900000;0,073825503355705
HTI2000;19,6115871696273;26;5;Yes;470;26,7;340411;31;17;310;18;4;11000;51,2;10981000;0,100173026136053
LAO2000;20,0450204141149;11;60;Yes;280;64,6;219456;32;28;23;74;21;1000;51;6858000;0,014581510644503
CAF2012;20,4537706905041;18;23;Yes;500;21,5;158406;34;25;7;15,9;1,5;8700;45,9;4659000;0,186735350933677
GNB2000;20,4453414765206;16;1;Yes;200;20,2;76301;41;12;44;12,5;2;4500;45,4;1861000;0,241805480924234
MLI2000;21,7157297607858;16;60;Yes;280;23,3;908558;49;19;9;21;4;11000;43,3;18542000;0,059324776183799
SLE2000;21,7189936195062;21;75;Yes;140;12,8;347622;46;10;63;40;21;5300;34,2;7557000;0,070133650919677
CAF2013;22,1140613360605;13;47;Yes;330;21,6;158406;34;25;7;15,9;1,5;8700;45,9;4659000;0,186735350933677
NER2000;22,6121669429605;9;2;Yes;170;10,1;1138281;53;6;9;9;1;7600;43,6;21477000;0,035386692741072
RWA2000;23,3740170380079;9;90;Yes;240;59,1;488320;40;44;325;16,3;7;22000;40;12208000;0,180209698558322
TCD2012;24,9635249489349;37;5;No;960;12;685400;46;10;10;14,1;2,3;4800;46,1;14900000;0,032214765100671
TCD2013;26,1000875401226;37;5;No;980;12;685400;46;10;10;14,1;2,3;4800;46,1;14900000;0,032214765100671
AGO2000;22,8927187313281;22;3;Yes;360;49,1;1459416;49;20;13;16,7;1,6;15000;39,3;29784000;0,050362610797744
